timestamp,frame_number,track_id,class,confidence,x1,y1,x2,y2,center_x,center_y,line_crossing_status
2026-08-04T02:11:53.633807,5,1,person,0.525,1,10,308,239,154,124,none
2026-08-04T02:11:53.767034,7,1,person,0.358,0,8,306,239,153,124,none
2026-08-04T02:11:53.829025,8,1,person,0.358,0,8,304,239,152,124,none
2026-08-04T02:11:53.896787,9,1,person,0.358,0,8,302,239,151,124,none
2026-08-04T02:11:53.969170,10,1,person,0.358,0,8,301,239,150,124,none
2026-08-04T02:11:54.034002,11,1,person,0.358,0,8,300,239,150,124,none
2026-08-04T02:11:54.105494,12,1,person,0.466,0,9,296,239,148,124,none
2026-08-04T02:11:54.189565,13,1,person,0.466,0,9,294,239,147,124,none
2026-08-04T02:11:54.250792,14,1,person,0.466,0,9,292,239,146,124,none
2026-08-04T02:11:54.313466,15,1,person,0.466,0,9,290,239,145,124,none
2026-08-04T02:11:54.387535,16,1,person,0.466,0,9,289,239,144,124,none
2026-08-04T02:11:54.450440,17,1,person,0.304,0,9,284,239,142,124,none
2026-08-04T02:11:54.524644,18,1,person,0.304,0,9,280,239,140,124,none
2026-08-04T02:11:54.589279,19,1,person,0.304,0,9,276,239,138,124,none
2026-08-04T02:11:54.649071,20,1,person,0.304,0,9,274,239,137,124,none
2026-08-04T02:11:54.710150,21,1,person,0.304,0,9,272,239,136,124,none
2026-08-04T02:11:54.776078,22,1,person,0.382,6,12,276,239,141,126,none
2026-08-04T02:11:54.841146,23,1,person,0.382,8,12,278,239,143,126,none
2026-08-04T02:11:54.911552,24,1,person,0.382,8,12,279,239,143,126,none
2026-08-04T02:11:54.963299,25,1,person,0.382,7,12,279,239,143,126,none
2026-08-04T02:11:55.022369,26,1,person,0.382,7,12,279,239,143,126,none
2026-08-04T02:11:55.084502,27,1,person,0.31,0,12,269,239,134,125,none
2026-08-04T02:11:55.160080,28,1,person,0.31,0,11,266,239,133,125,none
2026-08-04T02:11:55.227471,29,1,person,0.386,11,10,281,239,146,125,none
2026-08-04T02:11:55.292778,30,1,person,0.386,13,10,286,239,150,124,none
2026-08-04T02:11:55.356231,31,1,person,0.386,13,10,287,239,150,124,none
2026-08-04T02:11:55.418574,32,1,person,0.549,11,8,289,239,150,124,none
2026-08-04T02:11:55.479314,33,1,person,0.549,10,8,290,239,150,124,none
2026-08-04T02:11:55.547616,34,1,person,0.549,9,8,291,239,150,124,none
2026-08-04T02:11:55.610217,35,1,person,0.549,8,8,291,239,150,124,none
2026-08-04T02:11:55.679273,36,1,person,0.304,0,8,279,239,139,124,none
2026-08-04T02:11:56.056825,43,17,person,0.302,1,55,171,239,86,147,none
2026-08-04T02:11:56.116861,44,17,person,0.302,1,55,171,239,86,147,none
2026-08-04T02:11:56.190715,45,17,person,0.302,1,55,171,239,86,147,none
2026-08-04T02:11:56.269010,46,17,person,0.302,1,55,171,239,86,147,none
2026-08-04T02:12:02.208159,77,118,person,0.493,0,13,178,239,89,126,none
2026-08-04T02:12:02.260617,78,118,person,0.493,0,13,178,239,89,126,none
2026-08-04T02:12:02.325477,79,118,person,0.493,0,13,178,239,89,126,none
2026-08-04T02:12:02.385776,80,118,person,0.493,0,13,178,239,89,126,none
2026-08-04T02:12:02.448731,81,118,person,0.493,0,13,178,239,89,126,none
2026-08-04T02:12:03.204231,82,118,person,0.576,3,7,187,239,95,123,none
2026-08-04T02:12:03.261239,83,118,person,0.576,3,5,189,239,96,122,none
2026-08-04T02:12:03.319813,84,118,person,0.576,3,5,190,239,96,122,none
2026-08-04T02:12:03.382969,85,118,person,0.576,3,5,189,239,96,122,none
2026-08-04T02:12:03.447720,86,118,person,0.576,3,5,189,239,96,122,none
2026-08-04T02:12:04.206434,87,118,person,0.353,25,3,218,238,122,121,none
2026-08-04T02:12:04.260436,88,118,person,0.353,29,2,229,238,129,120,none
2026-08-04T02:12:04.320341,89,118,person,0.353,27,2,231,238,129,120,none
2026-08-04T02:12:04.388239,90,118,person,0.353,24,2,232,238,128,120,none
2026-08-04T02:12:04.446275,91,118,person,0.353,21,3,234,238,127,120,none
2026-08-04T02:12:05.200495,92,118,person,0.617,44,9,262,239,153,124,none
2026-08-04T02:12:05.261544,93,118,person,0.617,47,11,273,239,160,125,none
2026-08-04T02:12:05.324012,94,118,person,0.617,43,11,277,239,160,125,none
2026-08-04T02:12:05.388907,95,118,person,0.617,38,11,280,239,159,125,none
2026-08-04T02:12:05.454432,96,118,person,0.617,34,11,283,239,158,125,none
2026-08-04T02:12:06.209495,97,118,person,0.534,9,6,264,239,137,122,none
2026-08-04T02:12:06.261345,98,118,person,0.534,2,5,259,239,131,122,none
2026-08-04T02:12:06.321412,99,118,person,0.534,1,5,260,239,130,122,none
2026-08-04T02:12:06.390996,100,118,person,0.534,2,5,261,239,131,122,none
2026-08-04T02:12:06.459098,101,118,person,0.534,2,5,262,239,132,122,none
2026-08-04T02:12:07.204130,102,118,person,0.466,18,9,278,239,148,124,none
2026-08-04T02:12:07.257442,103,118,person,0.466,21,10,284,239,153,124,none
2026-08-04T02:12:07.320291,104,118,person,0.466,19,10,286,239,153,124,none
2026-08-04T02:12:07.385613,105,118,person,0.466,16,10,288,239,152,124,none
2026-08-04T02:12:07.448395,106,118,person,0.466,14,9,289,239,152,124,none
2026-08-04T02:12:08.206035,107,118,person,0.532,22,7,303,239,162,123,none
2026-08-04T02:12:08.258607,108,118,person,0.532,23,6,308,239,165,123,none
2026-08-04T02:12:08.319386,109,118,person,0.532,22,6,309,239,165,123,none
2026-08-04T02:12:08.380978,110,118,person,0.532,20,6,310,239,165,123,none
2026-08-04T02:12:08.446893,111,118,person,0.532,19,6,310,239,165,123,none
2026-08-04T02:12:09.201704,112,118,person,0.325,40,39,295,239,168,139,none
2026-08-04T02:12:09.256949,113,118,person,0.325,44,48,293,239,168,144,none
2026-08-04T02:12:09.320246,114,118,person,0.325,43,49,294,239,169,144,none
2026-08-04T02:12:09.384498,115,118,person,0.325,40,48,297,239,168,143,none
2026-08-04T02:12:09.449486,116,118,person,0.325,37,47,299,239,168,143,none
2026-08-04T02:12:11.205897,122,130,person,0.544,0,2,263,239,132,120,none
2026-08-04T02:12:11.275558,123,130,person,0.544,0,2,263,239,132,120,none
2026-08-04T02:12:11.330909,124,130,person,0.544,0,2,263,239,132,120,none
2026-08-04T02:12:11.397815,125,130,person,0.544,0,2,263,239,132,120,none
2026-08-04T02:12:11.460946,126,130,person,0.544,0,2,263,239,132,120,none
2026-08-04T02:12:13.197846,132,137,person,0.612,0,1,252,239,126,120,none
2026-08-04T02:12:13.200776,132,138,person,0.488,1,0,177,238,89,119,none
2026-08-04T02:12:13.261412,133,137,person,0.612,0,1,252,239,126,120,none
2026-08-04T02:12:13.264403,133,138,person,0.488,1,0,177,238,89,119,none
2026-08-04T02:12:13.322558,134,137,person,0.612,0,1,252,239,126,120,none
2026-08-04T02:12:13.324268,134,138,person,0.488,1,0,177,238,89,119,none
2026-08-04T02:12:13.389097,135,137,person,0.612,0,1,252,239,126,120,none
2026-08-04T02:12:13.391805,135,138,person,0.488,1,0,177,238,89,119,none
2026-08-04T02:12:13.459593,136,137,person,0.612,0,1,252,239,126,120,none
2026-08-04T02:12:13.461902,136,138,person,0.488,1,0,177,238,89,119,none
2026-08-04T02:12:14.205375,137,138,person,0.498,20,32,173,238,97,135,none
2026-08-04T02:12:14.258193,138,138,person,0.498,26,41,172,238,99,139,none
2026-08-04T02:12:14.318335,139,138,person,0.498,26,41,172,238,99,140,none
2026-08-04T02:12:14.379866,140,138,person,0.498,25,40,172,238,99,139,none
2026-08-04T02:12:14.451181,141,138,person,0.498,25,39,172,238,98,139,none
2026-08-04T02:12:16.203175,147,139,person,0.57,7,1,316,239,162,120,none
2026-08-04T02:12:16.256321,148,139,person,0.57,7,1,316,239,162,120,none
2026-08-04T02:12:16.314272,149,139,person,0.41,6,0,316,239,161,119,none
2026-08-04T02:12:16.375657,150,139,person,0.41,6,0,316,239,161,119,none
2026-08-04T02:12:16.445827,151,139,person,0.41,6,0,316,239,161,119,none
2026-08-04T02:12:17.206360,152,139,person,0.253,0,3,299,237,149,120,none
2026-08-04T02:12:17.261214,153,139,person,0.253,0,4,294,237,147,121,none
2026-08-04T02:12:17.316798,154,139,person,0.272,9,4,307,238,158,121,none
2026-08-04T02:12:17.384451,155,139,person,0.272,11,4,311,239,161,121,none
2026-08-04T02:12:17.447328,156,139,person,0.272,11,4,312,239,161,121,none
2026-08-04T02:12:18.204523,157,139,person,0.297,7,1,313,239,160,120,none
2026-08-04T02:12:18.255194,158,139,person,0.297,5,0,314,239,159,120,none
2026-08-04T02:12:18.311218,159,139,person,0.297,4,0,314,239,159,120,none
2026-08-04T02:12:18.374003,160,139,person,0.297,4,0,315,239,159,120,none
2026-08-04T02:12:18.440475,161,139,person,0.297,4,0,315,239,159,120,none
2026-08-04T02:12:26.204743,197,-1,person,0.28,12,109,140,239,76,174,none
2026-08-04T02:12:26.248680,198,-1,person,0.28,12,109,140,239,76,174,none
2026-08-04T02:12:26.306156,199,-1,person,0.28,12,109,140,239,76,174,none
2026-08-04T02:12:26.367884,200,-1,person,0.28,12,109,140,239,76,174,none
2026-08-04T02:12:26.418827,201,-1,person,0.28,12,109,140,239,76,174,none
2026-08-04T02:12:28.201384,207,-1,person,0.286,40,64,142,239,91,152,none
2026-08-04T02:12:28.245127,208,-1,person,0.286,40,64,142,239,91,152,none
2026-08-04T02:12:28.307331,209,-1,person,0.286,40,64,142,239,91,152,none
2026-08-04T02:12:28.372669,210,-1,person,0.286,40,64,142,239,91,152,none
2026-08-04T02:12:28.431898,211,-1,person,0.286,40,64,142,239,91,152,none
2026-08-04T02:12:29.198408,212,-1,person,0.263,24,56,135,239,79,147,none
2026-08-04T02:12:29.255088,213,-1,person,0.263,24,56,135,239,79,147,none
2026-08-04T02:12:29.313338,214,-1,person,0.263,24,56,135,239,79,147,none
2026-08-04T02:12:29.374231,215,-1,person,0.263,24,56,135,239,79,147,none
2026-08-04T02:12:29.432384,216,-1,person,0.263,24,56,135,239,79,147,none
2026-08-04T02:12:31.207805,222,343,person,0.502,1,111,130,239,65,175,none
2026-08-04T02:12:31.282927,223,343,person,0.502,1,111,130,239,65,175,none
2026-08-04T02:12:31.343016,224,343,person,0.502,1,111,130,239,65,175,none
2026-08-04T02:12:31.401190,225,343,person,0.502,1,111,130,239,65,175,none
2026-08-04T02:12:31.461466,226,343,person,0.502,1,111,130,239,65,175,none
2026-08-04T02:12:32.212442,227,343,person,0.387,0,63,167,239,83,151,none
2026-08-04T02:12:32.253769,228,343,person,0.387,0,50,173,239,86,144,none
2026-08-04T02:12:32.308152,229,343,person,0.387,0,50,168,239,84,144,none
2026-08-04T02:12:32.368715,230,343,person,0.387,0,53,161,239,80,146,none
2026-08-04T02:12:32.424324,231,343,person,0.387,0,54,156,239,78,146,none
2026-08-04T02:12:33.199632,232,343,person,0.465,8,93,133,239,71,166,none
2026-08-04T02:12:33.249632,233,343,person,0.465,10,104,127,239,69,172,none
2026-08-04T02:12:33.305005,234,343,person,0.465,10,105,127,239,68,172,none
2026-08-04T02:12:33.358285,235,343,person,0.465,9,104,128,239,69,171,none
2026-08-04T02:12:33.417259,236,343,person,0.465,9,103,129,239,69,171,none
2026-08-04T02:12:34.206535,237,-1,person,0.282,1,50,308,239,154,144,none
2026-08-04T02:12:34.256153,238,-1,person,0.282,1,50,308,239,154,144,none
2026-08-04T02:12:34.312971,239,-1,person,0.282,1,50,308,239,154,144,none
2026-08-04T02:12:34.376314,240,-1,person,0.282,1,50,308,239,154,144,none
2026-08-04T02:12:34.435763,241,-1,person,0.282,1,50,308,239,154,144,none
2026-08-04T02:12:35.211294,242,399,person,0.477,7,54,140,239,74,146,none
2026-08-04T02:12:35.262832,243,399,person,0.477,7,54,140,239,74,146,none
2026-08-04T02:12:35.317541,244,399,person,0.477,7,54,140,239,74,146,none
2026-08-04T02:12:35.385886,245,399,person,0.477,7,54,140,239,74,146,none
2026-08-04T02:12:35.473884,246,399,person,0.477,7,54,140,239,74,146,none
2026-08-04T02:12:36.193150,247,399,person,0.666,2,51,136,238,69,145,none
2026-08-04T02:12:36.245357,248,399,person,0.666,1,51,135,238,68,144,none
2026-08-04T02:12:36.299194,249,399,person,0.666,1,51,135,238,68,144,none
2026-08-04T02:12:36.363498,250,399,person,0.666,1,51,135,238,68,145,none
2026-08-04T02:12:36.423205,251,399,person,0.666,2,51,135,238,68,145,none
2026-08-04T02:12:37.197505,252,399,person,0.419,15,97,120,239,67,168,none
2026-08-04T02:12:37.257453,253,399,person,0.419,18,111,116,239,67,175,none
2026-08-04T02:12:37.312735,254,399,person,0.419,16,112,117,239,67,175,none
2026-08-04T02:12:37.370855,255,399,person,0.419,14,110,119,239,67,175,none
2026-08-04T02:12:37.428759,256,399,person,0.419,13,109,121,239,67,174,none
2026-08-04T02:12:38.210298,257,399,person,0.405,11,111,119,239,65,175,none
2026-08-04T02:12:38.268468,258,399,person,0.405,10,112,119,239,65,176,none
2026-08-04T02:12:38.344426,259,399,person,0.405,10,112,120,239,65,176,none
2026-08-04T02:12:38.425495,260,399,person,0.405,9,112,121,239,65,176,none
2026-08-04T02:12:38.512464,261,399,person,0.405,9,112,122,239,65,176,none
2026-08-04T02:12:39.201730,262,405,person,0.337,21,53,138,239,80,146,none
2026-08-04T02:12:39.264504,263,405,person,0.337,21,53,138,239,80,146,none
2026-08-04T02:12:39.328780,264,405,person,0.337,21,53,138,239,80,146,none
2026-08-04T02:12:39.397262,265,405,person,0.337,21,53,138,239,80,146,none
2026-08-04T02:12:39.461521,266,405,person,0.337,21,53,138,239,80,146,none
2026-08-04T02:12:40.204716,267,405,person,0.271,14,52,133,239,73,145,none
2026-08-04T02:12:40.261612,268,405,person,0.271,11,52,132,239,71,145,none
2026-08-04T02:12:40.324018,269,405,person,0.514,8,51,132,238,70,145,none
2026-08-04T02:12:40.406053,270,405,person,0.514,7,51,133,238,70,145,none
2026-08-04T02:12:40.502367,271,405,person,0.514,7,51,134,238,70,145,none
2026-08-04T02:12:41.203632,272,405,person,0.447,6,52,134,238,70,145,none
2026-08-04T02:12:41.268858,273,405,person,0.447,6,52,134,239,70,145,none
2026-08-04T02:12:41.328898,274,405,person,0.447,5,52,135,239,70,145,none
2026-08-04T02:12:41.405661,275,405,person,0.447,5,52,135,239,70,145,none
2026-08-04T02:12:42.209043,277,405,person,0.439,5,54,136,238,70,146,none
2026-08-04T02:12:42.277959,278,405,person,0.439,4,54,136,238,70,146,none
2026-08-04T02:12:42.335883,279,405,person,0.439,4,54,137,238,70,146,none
2026-08-04T02:12:42.406702,280,405,person,0.439,4,54,137,238,70,146,none
2026-08-04T02:12:42.473176,281,405,person,0.439,3,54,138,238,70,146,none
2026-08-04T02:12:43.432320,286,-1,person,0.29,7,53,150,239,79,146,none
2026-08-04T02:12:43.434090,286,-1,person,0.274,8,39,306,239,157,139,none
2026-08-04T02:12:44.204076,287,435,person,0.55,5,50,150,239,78,144,none
2026-08-04T02:12:44.262575,288,435,person,0.55,5,50,150,239,78,144,none
2026-08-04T02:12:44.322811,289,435,person,0.55,6,50,149,239,77,144,none
2026-08-04T02:12:44.391677,290,435,person,0.55,6,50,149,239,77,144,none
2026-08-04T02:12:44.457832,291,435,person,0.55,7,50,148,239,77,144,none
2026-08-04T02:12:45.201892,292,435,person,0.457,14,85,130,239,72,162,none
2026-08-04T02:12:45.262429,293,435,person,0.457,15,96,124,239,70,167,none
2026-08-04T02:12:45.328248,294,435,person,0.457,15,97,125,239,70,168,none
2026-08-04T02:12:45.389175,295,435,person,0.457,14,95,126,239,70,167,none
2026-08-04T02:12:45.452641,296,435,person,0.457,14,94,127,239,70,167,none
2026-08-04T02:12:47.206320,302,-1,person,0.257,7,54,141,239,74,147,none
2026-08-04T02:12:47.257675,303,-1,person,0.257,7,54,141,239,74,147,none
2026-08-04T02:12:47.309923,304,-1,person,0.257,7,54,141,239,74,147,none
2026-08-04T02:12:47.365890,305,-1,person,0.257,7,54,141,239,74,147,none
2026-08-04T02:12:47.421739,306,-1,person,0.257,7,54,141,239,74,147,none
2026-08-04T02:12:49.207881,312,487,person,0.402,34,121,175,239,105,180,none
2026-08-04T02:12:49.262586,313,487,person,0.402,34,121,175,239,105,180,none
2026-08-04T02:12:49.318499,314,487,person,0.402,34,121,175,239,105,180,none
2026-08-04T02:12:49.376647,315,487,person,0.402,34,121,175,239,105,180,none
2026-08-04T02:12:49.435610,316,487,person,0.402,34,121,175,239,105,180,none
2026-08-04T02:12:50.197149,317,487,person,0.327,25,112,176,239,100,176,none
2026-08-04T02:12:50.243512,318,487,person,0.327,22,110,176,239,99,175,none
2026-08-04T02:12:50.302125,319,487,person,0.327,23,110,175,239,99,175,none
2026-08-04T02:12:50.366464,320,487,person,0.327,23,110,175,239,99,175,none
2026-08-04T02:12:50.425466,321,487,person,0.327,24,111,175,239,99,175,none
2026-08-04T02:12:52.204822,327,-1,person,0.291,2,46,259,238,131,142,none
2026-08-04T02:12:52.247557,328,-1,person,0.291,2,46,259,238,131,142,none
2026-08-04T02:12:52.303964,329,-1,person,0.291,2,46,259,238,131,142,none
2026-08-04T02:12:52.365836,330,-1,person,0.291,2,46,259,238,131,142,none
2026-08-04T02:12:52.426381,331,-1,person,0.291,2,46,259,238,131,142,none
2026-08-04T02:12:54.205899,337,-1,person,0.281,27,127,182,239,105,183,none
2026-08-04T02:12:54.249415,338,-1,person,0.281,27,127,182,239,105,183,none
2026-08-04T02:12:54.303624,339,-1,person,0.281,27,127,182,239,105,183,none
2026-08-04T02:12:54.361509,340,-1,person,0.281,27,127,182,239,105,183,none
2026-08-04T02:12:54.416222,341,-1,person,0.281,27,127,182,239,105,183,none
2026-08-04T02:12:57.200606,352,588,person,0.306,5,1,290,239,148,120,none
2026-08-04T02:12:57.250608,353,588,person,0.306,5,1,290,239,148,120,none
2026-08-04T02:12:57.305303,354,588,person,0.306,5,1,290,239,148,120,none
2026-08-04T02:12:57.366033,355,588,person,0.306,5,1,290,239,148,120,none
2026-08-04T02:12:57.423400,356,588,person,0.306,5,1,290,239,148,120,none
2026-08-04T02:12:58.210557,357,-1,person,0.252,0,51,126,238,63,144,none
2026-08-04T02:12:58.254657,358,-1,person,0.252,0,51,126,238,63,144,none
2026-08-04T02:12:58.313014,359,-1,person,0.252,0,51,126,238,63,144,none
2026-08-04T02:12:58.372566,360,-1,person,0.252,0,51,126,238,63,144,none
2026-08-04T02:12:58.436404,361,-1,person,0.252,0,51,126,238,63,144,none
2026-08-04T02:12:59.203942,362,638,person,0.478,0,45,130,238,65,142,none
2026-08-04T02:12:59.254818,363,638,person,0.478,0,44,131,238,65,141,none
2026-08-04T02:12:59.312113,364,638,person,0.478,0,43,131,238,65,141,none
2026-08-04T02:12:59.367979,365,638,person,0.478,0,43,131,238,65,141,none
2026-08-04T02:12:59.427403,366,638,person,0.478,0,44,131,238,65,141,none
2026-08-04T02:13:02.198897,377,-1,person,0.273,0,40,316,239,158,139,none
2026-08-04T02:13:02.248222,378,-1,person,0.273,0,40,316,239,158,139,none
2026-08-04T02:13:02.302254,379,-1,person,0.273,0,40,316,239,158,139,none
2026-08-04T02:13:02.361237,380,-1,person,0.273,0,40,316,239,158,139,none
2026-08-04T02:13:02.417171,381,-1,person,0.273,0,40,316,239,158,139,none
2026-08-04T02:13:04.199760,387,689,person,0.325,0,53,135,238,67,146,none
2026-08-04T02:13:05.206077,392,690,person,0.449,0,49,139,239,69,144,none
2026-08-04T02:13:05.208064,392,691,person,0.414,131,94,282,239,207,166,none
2026-08-04T02:13:05.259829,393,690,person,0.449,0,49,139,239,69,144,none
2026-08-04T02:13:05.261461,393,691,person,0.414,131,94,282,239,207,166,none
2026-08-04T02:13:05.309009,394,-1,person,0.282,1,43,307,239,154,141,none
2026-08-04T02:13:05.386429,395,-1,person,0.282,1,43,307,239,154,141,none
2026-08-04T02:13:05.447672,396,-1,person,0.282,1,43,307,239,154,141,none
2026-08-04T02:13:06.204581,397,690,person,0.362,0,47,139,239,69,143,none
2026-08-04T02:13:06.266720,398,690,person,0.609,0,46,140,239,70,143,none
2026-08-04T02:13:06.323979,399,690,person,0.609,0,46,140,239,70,142,none
2026-08-04T02:13:06.384877,400,690,person,0.609,0,46,140,239,70,142,none
2026-08-04T02:13:06.443139,401,690,person,0.609,0,46,140,239,70,142,none
2026-08-04T02:13:07.203197,402,690,person,0.295,2,46,141,239,71,143,none
2026-08-04T02:13:07.282293,403,690,person,0.295,2,47,142,239,72,143,none
2026-08-04T02:13:07.354957,404,690,person,0.295,2,47,142,239,72,143,none
2026-08-04T02:13:07.460088,405,690,person,0.438,0,41,143,239,71,140,none
2026-08-04T02:13:07.547702,406,690,person,0.438,0,40,143,239,71,139,none
2026-08-04T02:13:08.232910,407,690,person,0.307,1,45,142,239,71,142,none
2026-08-04T02:13:08.310932,408,690,person,0.325,0,45,141,238,70,142,none
2026-08-04T02:13:08.423341,409,690,person,0.307,1,46,141,239,71,142,none
2026-08-04T02:13:08.534079,410,690,person,0.325,0,45,141,238,70,142,none
2026-08-04T02:13:08.616362,411,690,person,0.325,0,44,141,238,70,141,none
2026-08-04T02:13:08.707305,412,690,person,0.339,5,51,143,239,74,145,none
2026-08-04T02:13:08.962857,415,690,person,0.314,1,49,141,239,71,144,none
2026-08-04T02:13:09.078066,416,690,person,0.335,2,50,141,238,71,144,none
2026-08-04T02:13:09.185466,417,690,person,0.35,0,48,140,239,70,143,none
2026-08-04T02:13:09.271568,418,690,person,0.35,0,47,140,239,70,143,none
2026-08-04T02:13:09.358066,419,690,person,0.35,0,47,140,239,70,143,none
2026-08-04T02:13:09.446666,420,690,person,0.611,0,48,140,239,70,144,none
2026-08-04T02:13:09.552181,421,690,person,0.392,1,49,140,239,70,144,none
2026-08-04T02:13:09.655560,422,690,person,0.405,0,49,140,239,70,144,none
2026-08-04T02:13:09.750909,423,690,person,0.405,0,48,140,239,70,144,none
2026-08-04T02:13:09.837712,424,690,person,0.405,0,48,140,239,70,144,none
2026-08-04T02:13:09.922267,425,690,person,0.344,1,50,140,239,70,145,none
2026-08-04T02:13:10.010149,426,-1,person,0.28,0,39,315,239,157,139,none
2026-08-04T02:13:10.100768,427,690,person,0.448,5,48,148,239,76,143,none
2026-08-04T02:13:10.186898,428,690,person,0.448,5,48,148,239,76,143,none
2026-08-04T02:13:10.284143,429,690,person,0.448,4,48,148,239,76,143,none
2026-08-04T02:13:10.369257,430,690,person,0.503,33,14,211,239,122,126,none
2026-08-04T02:13:10.457370,431,690,person,0.493,56,21,241,239,149,130,none
2026-08-04T02:13:10.558145,432,749,person,0.541,148,96,250,239,199,167,none
2026-08-04T02:13:10.560308,432,750,person,0.423,30,73,159,239,94,156,none
2026-08-04T02:13:10.658465,433,749,person,0.541,148,96,250,239,199,167,none
2026-08-04T02:13:10.662691,433,750,person,0.423,30,73,159,239,94,156,none
2026-08-04T02:13:10.758440,434,749,person,0.541,148,96,250,239,199,167,none
2026-08-04T02:13:10.762491,434,750,person,0.423,30,73,159,239,94,156,none
2026-08-04T02:13:10.845464,435,749,person,0.252,144,96,246,239,195,167,none
2026-08-04T02:13:10.847576,435,750,person,0.444,31,74,158,239,95,157,none
2026-08-04T02:13:10.929021,436,749,person,0.252,142,96,245,239,194,167,none
2026-08-04T02:13:10.931520,436,750,person,0.444,31,75,158,239,95,157,none
2026-08-04T02:13:11.026582,437,750,person,0.399,3,44,153,238,78,141,none
2026-08-04T02:13:11.117696,438,750,person,0.399,0,35,154,238,77,137,none
2026-08-04T02:13:11.206919,439,750,person,0.399,0,35,154,238,77,137,none
2026-08-04T02:13:11.306328,440,750,person,0.349,1,46,149,239,75,143,none
2026-08-04T02:13:11.309654,440,749,person,0.545,144,100,245,239,194,170,none
2026-08-04T02:13:11.409720,441,750,person,0.349,2,50,147,239,75,145,none
2026-08-04T02:13:11.415563,441,749,person,0.545,143,100,246,239,194,170,none
2026-08-04T02:13:11.499788,442,750,person,0.566,27,76,154,239,90,157,none
2026-08-04T02:13:11.504436,442,749,person,0.508,137,84,250,239,194,161,none
2026-08-04T02:13:11.592055,443,750,person,0.566,34,82,156,239,95,161,none
2026-08-04T02:13:11.595827,443,749,person,0.508,136,79,251,239,194,159,none
2026-08-04T02:13:11.684957,444,750,person,0.566,34,83,156,239,95,161,none
2026-08-04T02:13:11.687784,444,749,person,0.508,136,79,251,239,194,159,none
2026-08-04T02:13:11.789613,445,750,person,0.463,5,54,149,239,77,146,none
2026-08-04T02:13:11.793396,445,749,person,0.408,139,89,247,239,193,164,none
2026-08-04T02:13:11.889067,446,750,person,0.463,0,45,149,239,74,142,none
2026-08-04T02:13:11.893000,446,749,person,0.408,140,92,246,239,193,165,none
2026-08-04T02:13:11.979542,447,750,person,0.439,14,53,158,239,86,146,none
2026-08-04T02:13:11.983883,447,749,person,0.385,141,97,243,239,192,168,none
2026-08-04T02:13:12.086272,448,750,person,0.439,20,57,160,239,90,148,none
2026-08-04T02:13:12.089462,448,749,person,0.385,141,98,243,239,192,169,none
2026-08-04T02:13:12.173555,449,750,person,0.439,22,58,160,239,91,148,none
2026-08-04T02:13:12.175811,449,749,person,0.385,141,98,243,239,192,168,none
2026-08-04T02:13:12.271028,450,750,person,0.538,31,77,155,239,93,158,none
2026-08-04T02:13:12.274017,450,749,person,0.352,137,88,246,239,192,164,none
2026-08-04T02:13:12.375604,451,750,person,0.538,33,82,154,239,94,161,none
2026-08-04T02:13:12.380389,451,749,person,0.352,137,86,247,239,192,162,none
2026-08-04T02:13:12.463035,452,750,person,0.369,28,60,164,239,96,149,none
2026-08-04T02:13:12.465982,452,749,person,0.514,139,91,246,239,192,165,none
2026-08-04T02:13:12.565482,453,750,person,0.369,27,53,166,239,97,146,none
2026-08-04T02:13:12.569566,453,749,person,0.514,139,92,245,239,192,166,none
2026-08-04T02:13:12.659857,454,750,person,0.369,28,52,165,239,97,146,none
2026-08-04T02:13:12.661999,454,749,person,0.514,140,93,245,239,192,166,none
2026-08-04T02:13:12.762537,455,749,person,0.517,140,97,243,239,192,168,none
2026-08-04T02:13:12.844310,456,749,person,0.517,140,98,243,239,192,168,none
2026-08-04T02:13:12.929745,457,749,person,0.366,141,99,243,239,192,169,none
2026-08-04T02:13:12.933632,457,750,person,0.517,6,52,147,239,76,146,none
2026-08-04T02:13:13.034996,458,749,person,0.366,141,99,244,239,193,169,none
2026-08-04T02:13:13.039758,458,750,person,0.517,6,52,148,239,77,146,none
2026-08-04T02:13:13.130900,459,749,person,0.366,141,99,244,239,193,169,none
2026-08-04T02:13:13.133389,459,750,person,0.517,6,52,149,239,78,146,none
2026-08-04T02:13:13.224368,460,749,person,0.47,137,96,242,239,190,168,none
2026-08-04T02:13:13.226898,460,750,person,0.521,3,48,149,239,76,143,none
2026-08-04T02:13:13.329789,461,749,person,0.47,136,95,242,239,189,167,none
2026-08-04T02:13:13.335777,461,750,person,0.521,2,46,150,239,76,143,none
2026-08-04T02:13:13.443259,462,750,person,0.43,0,45,147,239,73,142,none
2026-08-04T02:13:13.539500,463,750,person,0.43,0,45,147,239,73,142,none
2026-08-04T02:13:13.638678,464,750,person,0.43,0,45,146,239,73,142,none
2026-08-04T02:13:13.729182,465,784,person,0.358,1,1,310,239,155,120,none
2026-08-04T02:13:13.826825,466,784,person,0.358,1,1,310,239,155,120,none
2026-08-04T02:13:13.906527,467,784,person,0.296,22,36,288,239,155,138,none
2026-08-04T02:13:13.990650,468,784,person,0.296,27,46,283,239,155,143,none
2026-08-04T02:13:14.092636,469,784,person,0.296,26,47,284,239,155,143,none
2026-08-04T02:13:14.329632,472,-1,person,0.258,0,50,139,239,70,144,none
2026-08-04T02:13:14.407075,473,-1,person,0.258,0,50,139,239,70,144,none
2026-08-04T02:13:14.494545,474,-1,person,0.258,0,50,139,239,70,144,none
2026-08-04T02:13:14.831982,477,815,person,0.314,1,43,317,239,159,141,none
2026-08-04T02:13:14.910608,478,815,person,0.314,1,43,317,239,159,141,none
2026-08-04T02:13:14.992554,479,815,person,0.314,1,43,317,239,159,141,none
2026-08-04T02:13:15.113718,480,820,person,0.308,32,87,160,239,96,163,none
2026-08-04T02:13:15.192079,481,820,person,0.308,32,87,160,239,96,163,none
2026-08-04T02:13:15.329763,482,820,person,0.368,0,56,151,239,75,148,none
2026-08-04T02:13:15.405960,483,820,person,0.368,0,48,154,239,77,143,none
2026-08-04T02:13:15.505430,484,820,person,0.368,0,48,153,239,76,143,none
2026-08-04T02:13:15.617136,485,820,person,0.381,0,49,152,239,76,144,none
2026-08-04T02:13:15.688727,486,820,person,0.381,0,50,151,239,75,144,none
2026-08-04T02:13:15.826547,487,820,person,0.274,5,55,154,239,80,147,none
2026-08-04T02:13:15.917189,488,820,person,0.274,7,57,155,239,81,148,none
2026-08-04T02:13:16.002904,489,820,person,0.274,6,57,156,239,81,148,none
2026-08-04T02:13:16.116472,490,820,person,0.523,3,52,157,239,80,146,none
2026-08-04T02:13:16.199132,491,820,person,0.523,2,51,158,239,80,145,none
2026-08-04T02:13:16.334269,492,820,person,0.283,0,47,156,239,78,143,none
2026-08-04T02:13:16.410535,493,820,person,0.283,0,46,154,239,77,142,none
2026-08-04T02:13:16.494115,494,820,person,0.283,0,46,153,239,76,142,none
2026-08-04T02:13:16.621819,495,827,person,0.343,0,33,307,239,154,136,none
2026-08-04T02:13:16.701620,496,827,person,0.343,0,33,307,239,154,136,none
2026-08-04T02:13:16.830501,497,820,person,0.308,6,52,157,239,81,146,none
2026-08-04T02:13:16.907149,498,820,person,0.308,5,52,158,239,81,146,none
2026-08-04T02:13:17.006714,499,820,person,0.308,4,52,158,239,81,146,none
2026-08-04T02:13:17.123235,500,820,person,0.268,0,47,154,239,77,143,none
2026-08-04T02:13:17.192571,501,820,person,0.268,0,45,153,239,76,142,none
2026-08-04T02:13:17.339454,502,820,person,0.543,2,45,158,239,80,142,none
2026-08-04T02:13:17.417739,503,820,person,0.543,3,45,159,239,81,142,none
2026-08-04T02:13:17.500831,504,820,person,0.543,2,45,159,239,81,142,none
2026-08-04T02:13:17.609201,505,820,person,0.627,3,49,157,239,80,144,none
2026-08-04T02:13:17.691417,506,820,person,0.627,3,50,157,240,80,145,none
2026-08-04T02:13:17.835068,507,820,person,0.578,0,49,150,238,75,144,none
2026-08-04T02:13:17.912557,508,820,person,0.578,0,49,148,237,74,143,none
2026-08-04T02:13:18.005346,509,820,person,0.578,0,49,147,237,73,143,none
2026-08-04T02:13:18.107679,510,820,person,0.361,4,48,154,239,79,143,none
2026-08-04T02:13:18.190683,511,820,person,0.361,5,47,157,239,81,143,none
2026-08-04T02:13:18.330859,512,820,person,0.431,0,41,153,238,76,140,none
2026-08-04T02:13:18.403435,513,820,person,0.431,0,39,151,238,75,139,none
2026-08-04T02:13:18.495924,514,820,person,0.431,0,39,148,238,74,138,none
2026-08-04T02:13:19.112590,520,871,person,0.374,4,21,313,239,159,130,none
2026-08-04T02:13:19.196007,521,871,person,0.374,4,21,313,239,159,130,none
2026-08-04T02:13:19.336027,522,875,person,0.424,0,50,158,239,79,145,none
2026-08-04T02:13:19.415699,523,875,person,0.424,0,50,158,239,79,145,none
2026-08-04T02:13:19.507794,524,875,person,0.424,0,50,158,239,79,145,none
2026-08-04T02:13:19.617437,525,875,person,0.309,1,48,161,239,81,143,none
2026-08-04T02:13:19.701832,526,875,person,0.309,1,48,161,238,81,143,none
2026-08-04T02:13:19.839231,527,875,person,0.384,0,48,161,239,80,143,none
2026-08-04T02:13:19.956381,528,875,person,0.384,0,48,161,239,80,143,none
2026-08-04T02:13:20.068049,529,875,person,0.384,0,48,161,239,80,143,none
2026-08-04T02:13:20.150177,530,875,person,0.403,1,50,160,239,80,144,none
2026-08-04T02:13:20.233971,531,875,person,0.403,1,51,160,239,80,145,none
2026-08-04T02:13:20.341740,532,875,person,0.263,0,50,160,239,80,145,none
2026-08-04T02:13:20.417384,533,875,person,0.263,0,50,160,239,80,144,none
2026-08-04T02:13:20.504973,534,875,person,0.263,0,50,160,239,80,144,none
2026-08-04T02:13:20.635284,535,875,person,0.515,0,49,160,239,80,144,none
2026-08-04T02:13:20.711805,536,875,person,0.306,0,46,158,238,79,142,none
2026-08-04T02:13:20.828701,537,886,person,0.326,1,45,303,238,152,141,none
2026-08-04T02:13:20.831635,537,887,person,0.309,135,73,256,238,196,156,none
2026-08-04T02:13:20.924450,538,886,person,0.326,1,45,303,238,152,141,none
2026-08-04T02:13:20.927415,538,887,person,0.309,135,73,256,238,196,156,none
2026-08-04T02:13:21.015726,539,886,person,0.326,1,45,303,238,152,141,none
2026-08-04T02:13:21.019638,539,887,person,0.309,135,73,256,238,196,156,none
2026-08-04T02:13:21.123733,540,875,person,0.323,2,48,161,238,81,143,none
2026-08-04T02:13:21.213757,541,875,person,0.362,0,46,156,239,78,142,none
2026-08-04T02:13:21.217379,541,887,person,0.494,169,92,289,239,229,166,none
2026-08-04T02:13:21.693182,546,889,person,0.405,0,46,140,239,70,142,none
2026-08-04T02:13:21.834967,547,889,person,0.511,1,49,138,238,69,143,none
2026-08-04T02:13:21.925832,548,889,person,0.511,1,50,137,237,69,144,none
2026-08-04T02:13:22.019758,549,889,person,0.511,1,50,137,237,69,144,none
2026-08-04T02:13:22.114253,550,889,person,0.374,0,48,138,239,69,143,none
2026-08-04T02:13:22.330338,552,-1,person,0.258,0,38,315,239,158,138,none
2026-08-04T02:13:22.408242,553,-1,person,0.258,0,38,315,239,158,138,none
2026-08-04T02:13:22.491070,554,-1,person,0.258,0,38,315,239,158,138,none
2026-08-04T02:13:22.831452,557,923,person,0.305,0,50,138,238,69,144,none
2026-08-04T02:13:22.907136,558,923,person,0.305,0,50,138,238,69,144,none
2026-08-04T02:13:23.010109,559,923,person,0.305,0,50,138,238,69,144,none
2026-08-04T02:13:23.123285,560,923,person,0.307,2,49,142,238,72,144,none
2026-08-04T02:13:23.331957,562,926,person,0.37,126,40,313,239,220,139,none
2026-08-04T02:13:23.420306,563,926,person,0.37,126,40,313,239,220,139,none
2026-08-04T02:13:23.507304,564,926,person,0.37,126,40,313,239,220,139,none
2026-08-04T02:13:23.619451,565,926,person,0.259,139,61,308,239,223,150,none
2026-08-04T02:13:23.829079,567,926,person,0.439,136,55,313,240,225,147,none
2026-08-04T02:13:23.906239,568,926,person,0.439,136,55,314,240,225,147,none
2026-08-04T02:13:23.994193,569,926,person,0.439,135,55,314,239,225,147,none
2026-08-04T02:13:24.112194,570,926,person,0.25,139,62,312,239,225,151,none
2026-08-04T02:13:24.198674,571,931,person,0.453,1,19,315,239,158,129,none
2026-08-04T02:13:24.341461,572,926,person,0.297,132,71,296,239,214,155,none
2026-08-04T02:13:24.423648,573,926,person,0.297,133,70,296,239,214,155,none
2026-08-04T02:13:24.526012,574,926,person,0.297,133,70,297,239,215,154,none
2026-08-04T02:13:24.619060,575,926,person,0.278,136,65,304,239,220,152,none
2026-08-04T02:13:24.838288,577,926,person,0.304,137,71,301,239,219,155,none
2026-08-04T02:13:24.918614,578,926,person,0.304,137,71,302,239,219,155,none
2026-08-04T02:13:25.021628,579,926,person,0.304,136,71,302,239,219,155,none
2026-08-04T02:13:25.110186,580,933,person,0.37,16,36,311,239,163,138,none
2026-08-04T02:13:25.200513,581,933,person,0.366,15,43,303,239,159,141,none
2026-08-04T02:13:25.330715,582,926,person,0.499,140,65,314,239,227,152,none
2026-08-04T02:13:25.411485,583,926,person,0.499,139,65,314,239,227,152,none
2026-08-04T02:13:25.501780,584,933,person,0.266,0,0,320,239,160,119,none
2026-08-04T02:13:25.826420,587,933,person,0.3,22,49,293,239,157,144,none
2026-08-04T02:13:25.904984,588,933,person,0.3,19,48,295,239,157,144,none
2026-08-04T02:13:25.998966,589,933,person,0.3,16,47,298,239,157,143,none
2026-08-04T02:13:26.193173,591,933,person,0.493,11,52,291,239,151,145,none
2026-08-04T02:13:26.613130,595,933,person,0.285,0,15,320,238,160,127,none
2026-08-04T02:13:26.697943,596,935,person,0.483,0,48,157,239,78,143,none
2026-08-04T02:13:26.701050,596,936,person,0.352,135,73,218,239,177,156,none
2026-08-04T02:13:26.907742,598,933,person,0.296,10,44,297,239,154,142,none
2026-08-04T02:13:26.994394,599,933,person,0.296,9,44,298,239,154,141,none
2026-08-04T02:13:27.118823,600,935,person,0.408,1,50,157,238,79,144,none
2026-08-04T02:13:27.197726,601,935,person,0.315,0,47,155,239,77,143,none
2026-08-04T02:13:27.327325,602,935,person,0.446,0,47,153,238,76,143,none
2026-08-04T02:13:27.406212,603,939,person,0.407,133,80,273,239,203,160,none
2026-08-04T02:13:27.512832,604,939,person,0.407,133,80,273,239,203,160,none
2026-08-04T02:13:27.614357,605,935,person,0.278,0,51,145,238,73,145,none
2026-08-04T02:13:27.698764,606,935,person,0.403,5,50,153,239,79,145,none
2026-08-04T02:13:28.104399,610,935,person,0.288,1,47,152,238,76,142,none
2026-08-04T02:13:28.188347,611,935,person,0.321,4,48,156,238,80,143,none
2026-08-04T02:13:28.333036,612,935,person,0.395,5,51,156,239,80,145,none
2026-08-04T02:13:28.416460,613,935,person,0.395,5,53,156,239,80,146,none
2026-08-04T02:13:28.516896,614,935,person,0.327,2,49,155,238,78,144,none
2026-08-04T02:13:28.607010,615,935,person,0.292,3,51,157,239,80,145,none
2026-08-04T02:13:28.690866,616,935,person,0.409,3,50,157,239,80,145,none
2026-08-04T02:13:28.898049,618,935,person,0.59,0,41,155,238,77,140,none
2026-08-04T02:13:29.004372,619,935,person,0.59,0,41,152,238,76,140,none
2026-08-04T02:13:29.102483,620,935,person,0.571,58,40,226,239,142,139,none
2026-08-04T02:13:29.191731,621,949,person,0.343,0,48,309,239,155,144,none
2026-08-04T02:13:29.329428,622,949,person,0.373,0,41,317,239,158,140,none
2026-08-04T02:13:29.407949,623,949,person,0.373,0,39,318,239,159,139,none
2026-08-04T02:13:29.507488,624,949,person,0.373,0,39,316,239,158,139,none
2026-08-04T02:13:29.683628,626,949,person,0.525,0,53,252,239,126,146,none
2026-08-04T02:13:29.830447,627,950,car,0.402,266,31,290,57,278,44,none
2026-08-04T02:13:29.912874,628,950,car,0.402,266,31,290,57,278,44,none
2026-08-04T02:13:29.998472,629,950,car,0.402,266,31,290,57,278,44,none
2026-08-04T02:13:30.179043,631,955,person,0.33,0,47,138,238,69,143,none
2026-08-04T02:13:30.361312,632,956,person,0.354,4,45,311,239,158,142,none
2026-08-04T02:13:30.439007,633,956,person,0.354,4,45,311,239,158,142,none
2026-08-04T02:13:30.547629,634,956,person,0.354,4,45,311,239,158,142,none
2026-08-04T02:13:30.630599,635,-1,person,0.299,137,67,280,239,209,153,none
2026-08-04T02:13:30.706233,636,956,person,0.268,0,24,320,239,160,132,none
2026-08-04T02:13:31.127584,640,-1,person,0.282,0,44,159,238,80,141,none
2026-08-04T02:13:31.253715,641,976,person,0.485,2,47,159,239,81,143,none
2026-08-04T02:13:31.690581,646,978,person,0.413,0,48,152,239,76,143,none
2026-08-04T02:13:31.843155,647,978,person,0.286,0,42,156,238,78,140,none
2026-08-04T02:13:31.926878,648,978,person,0.286,0,40,157,238,78,139,none
2026-08-04T02:13:32.023135,649,978,person,0.286,0,40,157,238,78,139,none
2026-08-04T02:13:32.127147,650,978,person,0.382,0,40,156,238,78,139,none
2026-08-04T02:13:32.213609,651,978,person,0.301,5,51,155,238,80,145,none
2026-08-04T02:13:32.325911,652,978,person,0.431,4,50,155,239,79,144,none
2026-08-04T02:13:32.409506,653,978,person,0.431,3,49,156,239,79,144,none
2026-08-04T02:13:32.502601,654,978,person,0.431,2,49,156,239,79,144,none
2026-08-04T02:13:32.616987,655,978,person,0.314,0,49,152,239,76,144,none
2026-08-04T02:13:32.701920,656,990,person,0.38,0,51,306,239,153,145,none
2026-08-04T02:13:32.705356,656,991,person,0.36,140,75,317,239,228,157,none
2026-08-04T02:13:32.828422,657,991,person,0.31,136,74,314,239,225,156,none
2026-08-04T02:13:32.913609,658,991,person,0.31,135,74,313,239,224,156,none
2026-08-04T02:13:32.993786,659,991,person,0.31,135,74,314,239,224,156,none
2026-08-04T02:13:33.203606,661,1001,person,0.458,0,46,148,238,74,142,none
2026-08-04T02:13:33.207710,661,991,person,0.252,134,78,309,239,222,159,none
2026-08-04T02:13:33.335608,662,991,person,0.449,132,77,309,239,220,158,none
2026-08-04T02:13:33.415210,663,991,person,0.449,131,76,309,239,220,157,none
2026-08-04T02:13:33.505626,664,991,person,0.449,131,76,309,239,220,157,none
2026-08-04T02:13:33.614061,665,1001,person,0.298,0,46,147,238,73,142,none
2026-08-04T02:13:33.693397,666,1001,person,0.298,0,46,147,238,73,142,none
2026-08-04T02:13:33.830849,667,991,person,0.611,105,79,262,239,184,159,none
2026-08-04T02:13:33.908599,668,991,person,0.611,109,79,260,239,184,159,none
2026-08-04T02:13:34.004373,669,991,person,0.611,113,79,259,239,186,159,none
2026-08-04T02:13:34.115412,670,991,person,0.386,116,75,261,239,188,157,none
2026-08-04T02:13:34.118217,670,1001,person,0.402,5,51,147,238,76,144,none
2026-08-04T02:13:34.203466,671,991,person,0.386,119,74,260,239,189,156,none
2026-08-04T02:13:34.206548,671,1001,person,0.402,5,51,146,238,76,144,none
2026-08-04T02:13:34.332953,672,991,person,0.591,132,63,284,239,208,151,none
2026-08-04T02:13:34.336987,672,1001,person,0.427,7,50,151,239,79,145,none
2026-08-04T02:13:34.427608,673,991,person,0.591,136,60,290,239,213,149,none
2026-08-04T02:13:34.430838,673,1001,person,0.427,7,50,153,239,80,145,none
2026-08-04T02:13:34.511533,674,991,person,0.591,136,60,290,239,213,149,none
2026-08-04T02:13:34.514674,674,1001,person,0.427,6,50,154,239,80,145,none
2026-08-04T02:13:34.614139,675,1001,person,0.298,0,46,148,238,74,142,none
2026-08-04T02:13:34.700761,676,1001,person,0.298,0,45,148,237,74,141,none
2026-08-04T02:13:35.159386,680,1001,person,0.413,1,45,151,238,76,141,none
2026-08-04T02:13:35.258809,681,1001,person,0.413,1,45,151,238,76,141,none
2026-08-04T02:13:35.333476,682,1001,person,0.367,3,44,154,237,78,141,none
2026-08-04T02:13:35.432457,683,1001,person,0.367,3,44,155,237,79,140,none
2026-08-04T02:13:35.522377,684,1001,person,0.367,3,44,155,237,79,140,none
2026-08-04T02:13:35.609976,685,1001,person,0.396,5,50,154,238,79,144,none
2026-08-04T02:13:35.693199,686,1001,person,0.396,5,51,154,239,80,145,none
2026-08-04T02:13:35.829224,687,1001,person,0.32,3,49,155,238,79,144,none
2026-08-04T02:13:35.905359,688,1001,person,0.32,2,48,156,238,79,143,none
2026-08-04T02:13:35.995206,689,1001,person,0.32,2,48,156,238,79,143,none
2026-08-04T02:13:36.108192,690,-1,person,0.289,19,22,309,239,164,130,none
2026-08-04T02:13:36.189613,691,-1,person,0.289,19,22,309,239,164,130,none
2026-08-04T02:13:36.333746,692,1032,person,0.59,137,80,318,239,228,160,none
2026-08-04T02:13:36.414020,693,1032,person,0.59,137,80,318,239,228,160,none
2026-08-04T02:13:36.506191,694,1032,person,0.59,137,80,318,239,228,160,none
2026-08-04T02:13:36.837150,697,-1,person,0.27,0,45,319,239,159,142,none
2026-08-04T02:13:36.915066,698,-1,person,0.27,0,45,319,239,159,142,none
2026-08-04T02:13:37.004450,699,-1,person,0.27,0,45,319,239,159,142,none
2026-08-04T02:13:37.119606,700,1063,person,0.527,132,81,317,239,225,160,none
2026-08-04T02:13:37.207788,701,1063,person,0.527,132,81,317,239,225,160,none
2026-08-04T02:13:37.360634,702,1063,person,0.379,126,79,311,239,219,159,none
2026-08-04T02:13:37.443827,703,1063,person,0.379,125,78,309,239,217,159,none
2026-08-04T02:13:37.544765,704,1063,person,0.379,126,78,308,239,217,159,none
2026-08-04T02:13:37.836356,707,1063,person,0.255,126,65,320,239,223,152,none
2026-08-04T02:13:37.921282,708,1063,person,0.255,126,65,319,239,223,152,none
2026-08-04T02:13:38.013691,709,1063,person,0.255,126,66,318,239,222,152,none
2026-08-04T02:13:38.122142,710,1063,person,0.557,133,70,320,239,226,154,none
2026-08-04T02:13:38.206768,711,1063,person,0.557,136,71,320,239,228,155,none
2026-08-04T02:13:38.333424,712,1063,person,0.452,131,79,304,239,218,159,none
2026-08-04T02:13:38.419773,713,1063,person,0.452,130,82,300,239,215,161,none
2026-08-04T02:13:38.511238,714,1063,person,0.452,130,82,299,239,214,161,none
2026-08-04T02:13:39.113197,720,1072,person,0.671,0,15,305,239,153,127,none
2026-08-04T02:13:39.194857,721,1072,person,0.671,0,15,305,239,153,127,none
2026-08-04T02:13:39.333159,722,1072,person,0.508,0,44,248,239,124,141,none
2026-08-04T02:13:39.412034,723,1072,person,0.508,0,52,223,239,111,145,none
2026-08-04T02:13:39.505087,724,1072,person,0.508,0,52,211,239,105,145,none
2026-08-04T02:13:39.621793,725,-1,person,0.299,180,92,319,238,250,165,none
2026-08-04T02:13:39.624795,725,-1,person,0.277,135,87,236,239,186,163,none
2026-08-04T02:13:39.627978,725,-1,person,0.267,0,50,153,239,76,145,none
2026-08-04T02:13:39.711923,726,-1,person,0.299,180,92,319,238,250,165,none
2026-08-04T02:13:39.714658,726,-1,person,0.277,135,87,236,239,186,163,none
2026-08-04T02:13:39.717074,726,-1,person,0.267,0,50,153,239,76,145,none
2026-08-04T02:13:40.111670,730,-1,person,0.295,0,44,136,238,68,141,none
2026-08-04T02:13:40.196271,731,-1,person,0.295,0,44,136,238,68,141,none
2026-08-04T02:13:40.344585,732,1159,person,0.336,134,94,225,239,179,167,none
2026-08-04T02:13:40.428710,733,1159,person,0.336,134,94,225,239,179,167,none
2026-08-04T02:13:40.513706,734,1159,person,0.336,134,94,225,239,179,167,none
2026-08-04T02:13:40.621238,735,1159,person,0.533,134,93,227,239,181,166,none
2026-08-04T02:13:40.710052,736,1159,person,0.533,135,92,227,239,181,166,none
2026-08-04T02:13:41.126117,740,1159,person,0.596,137,90,232,239,184,164,none
2026-08-04T02:13:41.212429,741,1159,person,0.596,136,90,232,239,184,164,none
2026-08-04T02:13:41.337837,742,-1,person,0.279,0,50,149,238,75,144,none
2026-08-04T02:13:41.424643,743,-1,person,0.279,0,50,149,238,75,144,none
2026-08-04T02:13:41.509923,744,-1,person,0.279,0,50,149,238,75,144,none
2026-08-04T02:13:41.612485,745,1197,person,0.436,0,50,151,239,75,144,none
2026-08-04T02:13:41.829193,747,1198,person,0.345,1,27,237,239,119,133,none
2026-08-04T02:13:41.909543,748,1198,person,0.345,1,27,237,239,119,133,none
2026-08-04T02:13:42.006275,749,1198,person,0.345,1,27,237,239,119,133,none
2026-08-04T02:13:42.334195,752,1198,person,0.439,0,51,184,238,92,144,none
2026-08-04T02:13:42.422954,753,1198,person,0.439,0,50,177,238,88,144,none
2026-08-04T02:13:42.524207,754,1198,person,0.439,0,50,172,238,86,144,none
2026-08-04T02:13:42.616879,755,1198,person,0.387,45,46,233,239,139,142,none
2026-08-04T02:13:42.708075,756,1198,person,0.387,54,45,254,239,154,142,none
2026-08-04T02:13:42.833252,757,1202,person,0.497,0,45,139,238,69,142,none
2026-08-04T02:13:42.934303,758,1202,person,0.497,0,45,139,238,69,142,none
2026-08-04T02:13:43.051409,759,1202,person,0.497,0,45,139,238,69,142,none
2026-08-04T02:13:43.315468,760,1202,person,0.316,8,49,146,239,77,144,none
2026-08-04T02:13:43.420756,761,1202,person,0.316,10,51,149,239,79,145,none
2026-08-04T02:13:43.773792,765,1202,person,0.372,1,49,144,239,73,144,none
2026-08-04T02:13:43.872889,766,1202,person,0.372,1,49,144,239,73,144,none
2026-08-04T02:13:43.966201,767,1202,person,0.342,0,48,143,239,71,143,none
2026-08-04T02:13:44.050445,768,1202,person,0.342,0,47,143,239,71,143,none
2026-08-04T02:13:44.150097,769,1202,person,0.342,0,47,143,239,71,143,none
2026-08-04T02:13:44.236914,770,1202,person,0.511,0,45,142,238,71,142,none
2026-08-04T02:13:44.327661,771,1202,person,0.511,0,45,142,238,71,142,none
2026-08-04T02:13:44.657091,775,1202,person,0.274,0,45,142,239,71,142,none
2026-08-04T02:13:44.737572,776,1202,person,0.531,62,41,226,239,144,140,none
2026-08-04T02:13:44.839887,777,1205,person,0.455,0,53,158,239,79,146,none
2026-08-04T02:13:44.916940,778,1205,person,0.455,0,53,158,239,79,146,none
2026-08-04T02:13:45.008276,779,1205,person,0.455,0,53,158,239,79,146,none
2026-08-04T02:13:45.109993,780,1205,person,0.4,1,53,160,239,81,146,none
2026-08-04T02:13:45.193540,781,1205,person,0.4,1,53,161,239,81,146,none
2026-08-04T02:13:45.330477,782,1205,person,0.448,0,37,167,239,83,138,none
2026-08-04T02:13:45.411342,783,1205,person,0.448,0,33,166,239,83,136,none
2026-08-04T02:13:45.508254,784,1205,person,0.448,0,33,163,239,81,136,none
2026-08-04T02:13:45.617605,785,1205,person,0.319,3,46,158,239,81,142,none
2026-08-04T02:13:45.834159,787,-1,person,0.275,0,45,315,239,157,142,none
2026-08-04T02:13:45.915642,788,-1,person,0.275,0,45,315,239,157,142,none
2026-08-04T02:13:46.003300,789,-1,person,0.275,0,45,315,239,157,142,none
2026-08-04T02:13:46.102372,790,1241,person,0.42,0,45,316,239,158,142,none
2026-08-04T02:13:46.186760,791,1241,person,0.259,0,43,319,239,159,141,none
2026-08-04T02:13:46.328557,792,1241,person,0.347,0,20,320,239,160,129,none
2026-08-04T02:13:46.406608,793,1241,person,0.347,0,13,320,239,160,126,none
2026-08-04T02:13:46.496579,794,1241,person,0.347,0,13,320,239,160,126,none
2026-08-04T02:13:46.609569,795,1242,person,0.503,0,43,146,239,73,141,none
2026-08-04T02:13:46.692319,796,1242,person,0.334,21,90,137,239,79,165,none
2026-08-04T02:13:46.695907,796,1241,person,0.285,3,49,275,239,139,144,none
2026-08-04T02:13:46.837782,797,1241,person,0.481,0,52,247,239,123,146,none
2026-08-04T02:13:46.918494,798,1241,person,0.481,0,51,232,239,116,145,none
2026-08-04T02:13:47.013325,799,1241,person,0.481,0,51,221,239,110,145,none
2026-08-04T02:13:47.111341,800,1241,person,0.406,0,53,208,239,104,146,none
2026-08-04T02:13:47.193122,801,1241,person,0.338,0,53,199,239,99,146,none
2026-08-04T02:13:47.336167,802,1241,person,0.418,0,50,195,239,97,144,none
2026-08-04T02:13:47.416797,803,1241,person,0.418,0,49,190,239,95,144,none
2026-08-04T02:13:47.505452,804,1241,person,0.418,0,49,185,239,92,144,none
2026-08-04T02:13:47.610004,805,1241,person,0.288,0,48,176,238,88,143,none
2026-08-04T02:13:47.693626,806,1241,person,0.317,0,50,172,239,86,144,none
2026-08-04T02:13:47.835484,807,1241,person,0.548,47,36,245,239,146,138,none
2026-08-04T02:13:47.915701,808,1241,person,0.548,57,32,269,239,163,136,none
2026-08-04T02:13:48.002427,809,1241,person,0.548,52,32,275,239,164,136,none
2026-08-04T02:13:48.117883,810,1251,person,0.403,0,47,151,237,76,142,none
2026-08-04T02:13:48.604238,815,1252,person,0.379,1,35,305,239,153,137,none
2026-08-04T02:13:48.829834,817,1252,person,0.313,8,37,312,239,160,138,none
2026-08-04T02:13:48.910884,818,1252,person,0.313,7,37,313,239,160,138,none
2026-08-04T02:13:49.001035,819,1252,person,0.313,6,37,313,239,160,138,none
2026-08-04T02:13:49.191464,821,1252,person,0.381,0,4,320,238,160,121,none
2026-08-04T02:13:49.333455,822,1252,person,0.583,11,36,301,239,156,137,none
2026-08-04T02:13:49.425056,823,1252,person,0.583,16,47,294,239,155,143,none
2026-08-04T02:13:49.517699,824,1252,person,0.583,16,49,294,239,155,144,none
2026-08-04T02:13:49.617057,825,1252,person,0.402,18,51,298,239,158,145,none
2026-08-04T02:13:49.707186,826,1252,person,0.27,17,50,302,239,159,144,none
2026-08-04T02:13:49.831825,827,1259,person,0.368,0,47,135,239,67,143,none
2026-08-04T02:13:49.915388,828,1259,person,0.368,0,47,135,239,67,143,none
2026-08-04T02:13:50.005525,829,1259,person,0.368,0,47,135,239,67,143,none
2026-08-04T02:13:50.197244,831,1259,person,0.39,1,47,136,239,69,143,none
2026-08-04T02:13:50.326184,832,1259,person,0.546,4,51,138,239,71,145,none
2026-08-04T02:13:50.403911,833,1259,person,0.546,4,52,139,239,72,145,none
2026-08-04T02:13:50.494317,834,1259,person,0.253,1,48,137,239,69,144,none
2026-08-04T02:13:50.612480,835,1259,person,0.369,0,50,135,238,67,144,none
2026-08-04T02:13:50.695297,836,1259,person,0.366,0,49,136,239,68,144,none
2026-08-04T02:13:50.827495,837,1259,person,0.352,0,43,140,238,70,141,none
2026-08-04T02:13:51.199276,841,1259,person,0.251,0,48,136,239,68,143,none
2026-08-04T02:13:51.330909,842,1272,person,0.497,2,27,301,239,152,133,none
2026-08-04T02:13:51.423686,843,1272,person,0.497,3,29,303,239,153,134,none
2026-08-04T02:13:51.523815,844,1272,person,0.497,8,32,306,239,157,136,none
2026-08-04T02:13:51.616864,845,1272,person,0.462,14,44,299,239,157,142,none
2026-08-04T02:13:51.619074,845,1259,person,0.378,5,49,144,238,74,144,none
2026-08-04T02:13:51.699899,846,1259,person,0.477,2,47,144,239,73,143,none
2026-08-04T02:13:51.830304,847,1272,person,0.257,3,36,302,239,153,138,none
2026-08-04T02:13:51.914100,848,1272,person,0.257,3,36,303,239,153,138,none
2026-08-04T02:13:52.018196,849,1272,person,0.257,3,36,303,239,153,138,none
2026-08-04T02:13:52.118157,850,1259,person,0.602,0,50,139,238,70,144,none
2026-08-04T02:13:52.194147,851,1259,person,0.363,2,46,146,238,74,142,none
2026-08-04T02:13:52.419549,853,1259,person,0.363,0,52,135,238,67,145,none
2026-08-04T02:13:52.684298,856,-1,person,0.266,0,45,318,239,159,142,none
2026-08-04T02:13:52.828272,857,1259,person,0.494,0,45,139,239,69,142,none
2026-08-04T02:13:52.907630,858,1259,person,0.321,2,51,137,238,69,145,none
2026-08-04T02:13:53.002698,859,1259,person,0.321,2,52,136,238,69,145,none
2026-08-04T02:13:53.185551,861,1259,person,0.323,1,43,143,239,72,141,none
2026-08-04T02:13:53.330849,862,1300,person,0.42,0,50,318,239,159,145,none
2026-08-04T02:13:53.416946,863,1300,person,0.42,0,50,318,239,159,145,none
2026-08-04T02:13:53.504945,864,1300,person,0.42,0,50,318,239,159,145,none
2026-08-04T02:13:53.620738,865,1259,person,0.429,0,47,138,239,69,143,none
2026-08-04T02:13:53.699103,866,1259,person,0.366,1,47,140,238,71,143,none
2026-08-04T02:13:53.838441,867,1259,person,0.409,3,47,143,238,73,142,none
2026-08-04T02:13:53.945917,868,1259,person,0.289,2,51,140,239,71,145,none
2026-08-04T02:13:53.950006,868,1300,person,0.468,5,50,320,239,162,145,none
2026-08-04T02:13:54.040562,869,1259,person,0.289,2,52,139,239,70,145,none
2026-08-04T02:13:54.043977,869,1300,person,0.468,6,50,320,239,163,145,none
2026-08-04T02:13:54.130841,870,1259,person,0.609,0,51,137,239,68,145,none
2026-08-04T02:13:54.134563,870,1300,person,0.269,1,49,317,239,159,144,none
2026-08-04T02:13:54.241656,871,1259,person,0.517,0,47,139,239,69,143,none
2026-08-04T02:13:54.350768,872,1303,person,0.426,40,109,159,239,99,174,none
2026-08-04T02:13:54.434505,873,1303,person,0.426,40,109,159,239,99,174,none
2026-08-04T02:13:54.531627,874,1303,person,0.426,40,109,159,239,99,174,none
2026-08-04T02:13:54.628712,875,1303,person,0.312,25,111,145,239,85,175,none
2026-08-04T02:13:54.630779,875,1259,person,0.343,0,45,139,238,69,142,none
2026-08-04T02:13:54.708489,876,1259,person,0.481,7,51,145,239,76,145,none
2026-08-04T02:13:54.828516,877,1259,person,0.42,4,51,142,239,73,145,none
2026-08-04T02:13:54.911827,878,1259,person,0.42,3,51,141,238,72,145,none
2026-08-04T02:13:54.992274,879,1259,person,0.42,2,51,141,238,72,145,none
2026-08-04T02:13:55.180462,881,1308,person,0.565,0,43,320,239,160,141,none
2026-08-04T02:13:55.334483,882,1259,person,0.345,0,49,139,239,69,144,none
2026-08-04T02:13:55.415726,883,1259,person,0.345,0,49,139,239,69,144,none
2026-08-04T02:13:55.504057,884,1308,person,0.447,0,46,319,239,159,143,none
2026-08-04T02:13:55.606876,885,1308,person,0.26,1,49,316,239,159,144,none
2026-08-04T02:13:55.610756,885,1259,person,0.263,3,52,142,238,73,145,none
2026-08-04T02:13:55.697644,886,1308,person,0.333,0,47,318,239,159,143,none
2026-08-04T02:13:55.838788,887,1308,person,0.307,0,42,320,239,160,140,none
2026-08-04T02:13:55.842179,887,1259,person,0.396,0,47,141,238,70,143,none
2026-08-04T02:13:55.920171,888,1308,person,0.307,0,40,320,239,160,140,none
2026-08-04T02:13:55.922727,888,1259,person,0.396,0,47,141,238,70,143,none
2026-08-04T02:13:56.017536,889,1308,person,0.307,0,40,317,239,158,140,none
2026-08-04T02:13:56.019886,889,1259,person,0.396,0,47,141,238,70,143,none
2026-08-04T02:13:56.118444,890,1308,person,0.346,5,47,313,239,159,143,none
2026-08-04T02:13:56.200082,891,1308,person,0.346,7,49,313,239,160,144,none
2026-08-04T02:13:56.336268,892,1259,person,0.477,0,42,143,239,71,140,none
2026-08-04T02:13:56.420132,893,1259,person,0.477,0,42,142,239,71,140,none
2026-08-04T02:13:56.505281,894,1259,person,0.477,0,42,141,239,70,140,none
2026-08-04T02:13:56.608802,895,1259,person,0.529,4,46,144,239,74,142,none
2026-08-04T02:13:56.693241,896,1259,person,0.328,1,51,138,239,70,145,none
2026-08-04T02:13:56.830469,897,1259,person,0.332,0,49,137,239,68,144,none
2026-08-04T02:13:56.911988,898,1259,person,0.332,0,48,137,238,68,143,none
2026-08-04T02:13:57.006513,899,1259,person,0.332,0,48,137,238,68,143,none
2026-08-04T02:13:57.117268,900,1259,person,0.516,1,46,140,239,70,142,none
2026-08-04T02:13:57.329798,902,1315,person,0.355,2,25,309,239,156,132,none
2026-08-04T02:13:57.414241,903,1315,person,0.355,2,25,309,239,156,132,none
2026-08-04T02:13:57.502870,904,1315,person,0.355,2,25,309,239,156,132,none
2026-08-04T02:13:57.612933,905,1315,person,0.348,13,38,305,239,159,139,none
2026-08-04T02:13:57.701622,906,1315,person,0.348,16,42,304,239,160,141,none
2026-08-04T02:13:57.834279,907,1315,person,0.31,17,50,299,239,158,144,none
2026-08-04T02:13:57.925903,908,1315,person,0.31,16,51,298,239,157,145,none
2026-08-04T02:13:58.007966,909,1315,person,0.31,14,51,300,239,157,145,none
2026-08-04T02:13:58.109914,910,1315,person,0.282,12,48,304,239,158,143,none
2026-08-04T02:13:58.194669,911,1315,person,0.391,10,45,309,239,159,142,none
2026-08-04T02:13:58.328240,912,1315,person,0.252,5,38,315,239,160,139,none
2026-08-04T02:13:58.408675,913,1315,person,0.252,3,37,316,239,160,138,none
2026-08-04T02:13:58.498044,914,1315,person,0.252,2,37,317,239,160,138,none
2026-08-04T02:13:58.607160,915,1315,person,0.414,2,41,311,239,157,140,none
2026-08-04T02:13:58.685722,916,1315,person,0.27,6,44,311,239,159,141,none
2026-08-04T02:13:59.109908,920,1315,person,0.324,5,46,311,239,158,143,none
2026-08-04T02:13:59.192944,921,1315,person,0.324,5,46,312,239,158,143,none
2026-08-04T02:13:59.332474,922,1315,person,0.465,7,48,312,239,160,144,none
2026-08-04T02:13:59.409978,923,1315,person,0.465,7,49,312,239,160,144,none
2026-08-04T02:13:59.499694,924,1315,person,0.465,7,49,313,239,160,144,none
2026-08-04T02:13:59.828167,927,1315,person,0.255,5,49,314,239,160,144,none
2026-08-04T02:13:59.911744,928,1315,person,0.255,5,49,315,239,160,144,none
2026-08-04T02:13:59.998690,929,1315,person,0.255,4,49,315,239,160,144,none
2026-08-04T02:14:00.103977,930,-1,person,0.29,0,47,135,239,67,143,none
2026-08-04T02:14:00.184156,931,-1,person,0.29,0,47,135,239,67,143,none
2026-08-04T02:14:00.326851,932,1315,person,0.521,0,50,242,239,121,145,none
2026-08-04T02:14:00.404531,933,1315,person,0.521,0,50,222,239,111,145,none
2026-08-04T02:14:00.494056,934,1315,person,0.521,0,50,207,239,103,145,none
2026-08-04T02:14:00.610703,935,1315,person,0.508,0,51,197,239,98,145,none
2026-08-04T02:14:00.689336,936,1315,person,0.508,0,51,189,239,94,145,none
2026-08-04T02:14:00.825827,937,1315,person,0.425,0,49,181,239,90,144,none
2026-08-04T02:14:00.903380,938,1315,person,0.425,0,48,174,239,87,143,none
2026-08-04T02:14:00.996232,939,1315,person,0.425,0,48,167,239,83,143,none
2026-08-04T02:14:01.113473,940,1315,person,0.515,0,50,163,239,81,144,none
2026-08-04T02:14:01.196252,941,1315,person,0.515,0,50,159,239,79,144,none
2026-08-04T02:14:01.324669,942,1315,person,0.55,57,45,235,239,146,142,none
2026-08-04T02:14:01.402337,943,1315,person,0.55,68,44,261,239,164,141,none
2026-08-04T02:14:01.506755,944,1315,person,0.55,63,43,267,239,165,141,none
2026-08-04T02:14:01.631382,945,1357,person,0.392,0,52,143,239,72,146,none
2026-08-04T02:14:01.711935,946,1357,person,0.392,0,52,143,239,72,146,none
2026-08-04T02:14:01.833713,947,1315,person,0.375,43,44,273,239,158,141,none
2026-08-04T02:14:01.911798,948,1315,person,0.375,39,44,278,239,158,141,none
2026-08-04T02:14:02.014291,949,1315,person,0.375,35,44,282,239,159,141,none
2026-08-04T02:14:02.123692,950,1315,person,0.365,26,32,293,239,159,136,none
2026-08-04T02:14:02.126762,950,1357,person,0.267,0,42,148,239,74,141,none
2026-08-04T02:14:02.205152,951,1315,person,0.365,22,29,297,239,160,134,none
2026-08-04T02:14:02.208540,951,1357,person,0.267,0,43,148,239,74,141,none
2026-08-04T02:14:02.332978,952,1357,person,0.299,5,48,150,239,77,144,none
2026-08-04T02:14:02.417485,953,1357,person,0.299,6,50,151,239,78,144,none
2026-08-04T02:14:02.508380,954,1357,person,0.299,5,50,152,239,78,144,none
2026-08-04T02:14:02.613703,955,1357,person,0.27,0,49,145,239,72,144,none
2026-08-04T02:14:02.697475,956,1357,person,0.27,0,49,144,239,72,144,none
2026-08-04T02:14:03.099528,960,1357,person,0.334,0,50,139,239,69,145,none
2026-08-04T02:14:03.176926,961,1357,person,0.334,0,50,138,239,69,145,none
2026-08-04T02:14:03.326051,962,1357,person,0.57,1,48,140,239,71,143,none
2026-08-04T02:14:03.401190,963,1357,person,0.57,1,47,141,238,71,143,none
2026-08-04T02:14:03.490924,964,1357,person,0.57,1,47,141,238,71,143,none
2026-08-04T02:14:03.606943,965,1357,person,0.3,8,51,148,239,78,145,none
2026-08-04T02:14:03.684145,966,1357,person,0.3,9,52,150,239,79,146,none
2026-08-04T02:14:03.828206,967,1357,person,0.299,6,50,150,239,78,144,none
2026-08-04T02:14:03.904042,968,1357,person,0.299,4,49,150,239,77,144,none
2026-08-04T02:14:04.000041,969,1357,person,0.299,3,49,150,239,77,144,none
2026-08-04T02:14:04.116405,970,1357,person,0.329,0,46,147,239,73,142,none
2026-08-04T02:14:04.196159,971,1357,person,0.329,0,45,147,239,73,142,none
2026-08-04T02:14:04.602658,975,1357,person,0.285,0,47,143,239,71,143,none
2026-08-04T02:14:04.681550,976,1357,person,0.285,0,47,142,239,71,143,none
2026-08-04T02:14:04.830858,977,1357,person,0.456,1,50,142,239,71,145,none
2026-08-04T02:14:04.903697,978,1357,person,0.456,2,51,142,239,72,145,none
2026-08-04T02:14:04.989214,979,1357,person,0.456,1,51,142,239,72,145,none
2026-08-04T02:14:05.109998,980,1357,person,0.317,0,36,149,238,74,137,none
2026-08-04T02:14:05.194519,981,1357,person,0.317,0,32,150,238,75,135,none
2026-08-04T02:14:05.327645,982,1357,person,0.302,1,44,143,238,72,141,none
2026-08-04T02:14:05.406524,983,1357,person,0.302,2,48,141,238,71,143,none
2026-08-04T02:14:05.500381,984,1357,person,0.302,1,49,141,238,71,144,none
2026-08-04T02:14:05.610840,985,1357,person,0.448,0,34,148,239,74,136,none
2026-08-04T02:14:05.696094,986,1357,person,0.448,0,30,149,239,74,134,none
2026-08-04T02:14:05.830766,987,1366,person,0.301,0,47,315,239,158,143,none
2026-08-04T02:14:05.919182,988,1366,person,0.301,0,47,315,239,158,143,none
2026-08-04T02:14:06.013376,989,1366,person,0.301,0,47,315,239,158,143,none
2026-08-04T02:14:06.123304,990,1366,person,0.304,1,46,317,239,159,143,none
2026-08-04T02:14:06.126827,990,1357,person,0.35,0,45,139,238,69,142,none
2026-08-04T02:14:06.211716,991,1366,person,0.304,1,46,318,239,159,142,none
2026-08-04T02:14:06.214950,991,1357,person,0.35,0,45,139,238,70,141,none
2026-08-04T02:14:06.327716,992,1366,person,0.3,0,45,316,239,158,142,none
2026-08-04T02:14:06.410543,993,1366,person,0.3,0,44,314,239,157,142,none
2026-08-04T02:14:06.504656,994,1366,person,0.3,0,44,312,239,156,142,none
2026-08-04T02:14:06.613553,995,1357,person,0.276,0,52,135,239,67,146,none
2026-08-04T02:14:06.694105,996,1357,person,0.276,0,52,135,239,67,146,none
2026-08-04T02:14:06.826101,997,1357,person,0.37,0,48,137,239,68,143,none
2026-08-04T02:14:06.906473,998,1357,person,0.37,0,46,137,238,68,142,none
2026-08-04T02:14:07.003101,999,1357,person,0.37,0,46,137,238,68,142,none
2026-08-04T02:14:07.112909,1000,1357,person,0.345,0,41,141,238,71,140,none
2026-08-04T02:14:07.190210,1001,1357,person,0.345,0,40,142,238,71,139,none
2026-08-04T02:14:07.603502,1005,1357,person,0.408,6,49,145,238,75,143,none
2026-08-04T02:14:07.689358,1006,1357,person,0.408,5,48,146,238,75,143,none
2026-08-04T02:14:07.838928,1007,1370,person,0.406,0,15,320,239,160,127,none
2026-08-04T02:14:07.917591,1008,1370,person,0.406,0,15,320,239,160,127,none
2026-08-04T02:14:08.005604,1009,1370,person,0.406,0,15,320,239,160,127,none
2026-08-04T02:14:08.106865,1010,1357,person,0.379,0,47,142,239,71,143,none
2026-08-04T02:14:08.195697,1011,1357,person,0.379,0,47,142,239,71,143,none
2026-08-04T02:14:08.335671,1012,1357,person,0.38,3,47,145,239,74,143,none
2026-08-04T02:14:08.416061,1013,1357,person,0.38,3,47,147,239,75,143,none
2026-08-04T02:14:08.509267,1014,1357,person,0.38,3,47,147,239,75,143,none
2026-08-04T02:14:08.607561,1015,1357,person,0.401,1,48,145,239,73,143,none
2026-08-04T02:14:08.692612,1016,1371,person,0.306,0,10,313,239,157,124,none
2026-08-04T02:14:08.862040,1017,1357,person,0.279,3,45,150,238,76,142,none
2026-08-04T02:14:08.944644,1018,1357,person,0.279,2,45,150,238,76,142,none
2026-08-04T02:14:09.035064,1019,1357,person,0.279,2,45,150,238,76,142,none
2026-08-04T02:14:09.133620,1020,1357,person,0.343,5,52,149,239,77,145,none
2026-08-04T02:14:09.139923,1020,1371,person,0.304,24,53,294,239,159,146,none
2026-08-04T02:14:09.219079,1021,1357,person,0.343,5,53,150,239,77,146,none
2026-08-04T02:14:09.223177,1021,1371,person,0.304,21,53,297,239,159,146,none
2026-08-04T02:14:09.338906,1022,1357,person,0.33,0,49,145,239,72,144,none
2026-08-04T02:14:09.424901,1023,1357,person,0.33,0,48,144,238,72,143,none
2026-08-04T02:14:09.521830,1024,1357,person,0.33,0,47,143,238,71,143,none
2026-08-04T02:14:09.624031,1025,1357,person,0.337,4,45,150,238,77,141,none
2026-08-04T02:14:09.704930,1026,1357,person,0.433,3,49,147,239,75,144,none
2026-08-04T02:14:09.834411,1027,1372,person,0.395,0,49,319,239,159,144,none
2026-08-04T02:14:09.909260,1028,1372,person,0.395,0,49,319,239,159,144,none
2026-08-04T02:14:10.003230,1029,1372,person,0.395,0,49,319,239,159,144,none
2026-08-04T02:14:10.112299,1030,1372,person,0.497,0,43,320,239,160,141,none
2026-08-04T02:14:10.190256,1031,1372,person,0.497,0,42,320,239,160,140,none
2026-08-04T02:14:10.329113,1032,1372,person,0.3,0,32,320,239,160,136,none
2026-08-04T02:14:10.409116,1033,1372,person,0.3,0,30,320,239,160,134,none
2026-08-04T02:14:10.506185,1034,1372,person,0.3,0,30,320,239,160,135,none
2026-08-04T02:14:10.611877,1035,1372,person,0.388,5,43,309,239,157,141,none
2026-08-04T02:14:10.691185,1036,1372,person,0.346,10,49,307,239,159,144,none
2026-08-04T02:14:10.828715,1037,1372,person,0.381,8,47,309,239,158,143,none
2026-08-04T02:14:10.906245,1038,1372,person,0.381,6,46,310,239,158,142,none
2026-08-04T02:14:11.003543,1039,1372,person,0.381,5,45,311,239,158,142,none
2026-08-04T02:14:11.186545,1041,-1,person,0.297,0,49,145,239,72,144,none
2026-08-04T02:14:11.323873,1042,1372,person,0.402,0,36,320,240,160,138,none
2026-08-04T02:14:11.401901,1043,1372,person,0.402,0,37,320,239,160,138,none
2026-08-04T02:14:11.492351,1044,1372,person,0.402,0,39,318,239,159,139,none
2026-08-04T02:14:11.612315,1045,1392,person,0.461,0,49,132,239,66,144,none
2026-08-04T02:14:11.702837,1046,1392,person,0.512,4,51,136,239,70,145,none
2026-08-04T02:14:11.839296,1047,1372,person,0.324,0,30,320,239,160,135,none
2026-08-04T02:14:11.924522,1048,1372,person,0.324,0,30,320,239,160,135,none
2026-08-04T02:14:12.014418,1049,1372,person,0.324,0,31,319,239,159,135,none
2026-08-04T02:14:12.111921,1050,1372,person,0.349,10,46,309,239,160,143,none
2026-08-04T02:14:12.196567,1051,1372,person,0.451,6,41,313,239,160,140,none
2026-08-04T02:14:12.333246,1052,1372,person,0.299,8,46,311,239,159,142,none
2026-08-04T02:14:12.413416,1053,1372,person,0.299,8,47,310,239,159,143,none
2026-08-04T02:14:12.514152,1054,1372,person,0.299,8,47,311,239,159,143,none
2026-08-04T02:14:12.610134,1055,1372,person,0.565,0,51,269,239,134,145,none
2026-08-04T02:14:12.690505,1056,1396,person,0.319,0,49,151,238,75,144,none
2026-08-04T02:14:13.113583,1060,1396,person,0.325,0,46,147,238,73,142,none
2026-08-04T02:14:13.195023,1061,1397,person,0.426,0,48,310,239,155,144,none
2026-08-04T02:14:13.327786,1062,1396,person,0.416,7,51,154,239,80,145,none
2026-08-04T02:14:13.407805,1063,1396,person,0.416,6,51,154,239,80,145,none
2026-08-04T02:14:13.504453,1064,1396,person,0.416,5,51,154,239,80,145,none
2026-08-04T02:14:13.621964,1065,1397,person,0.308,0,36,320,239,160,137,none
2026-08-04T02:14:13.717693,1066,1397,person,0.271,3,43,315,239,159,141,none
2026-08-04T02:14:13.720219,1066,1396,person,0.424,0,46,150,239,75,143,none
2026-08-04T02:14:13.833593,1067,1396,person,0.558,0,45,148,238,74,142,none
2026-08-04T02:14:13.922450,1068,1396,person,0.558,0,45,147,238,73,142,none
2026-08-04T02:14:14.013861,1069,1396,person,0.558,0,46,146,238,73,142,none
2026-08-04T02:14:14.121016,1070,1396,person,0.376,0,47,145,238,72,143,none
2026-08-04T02:14:14.202859,1071,1396,person,0.366,2,48,147,238,75,143,none
2026-08-04T02:14:14.326556,1072,1396,person,0.357,0,48,144,238,72,143,none
2026-08-04T02:14:14.404270,1073,1396,person,0.357,0,48,143,238,71,143,none
2026-08-04T02:14:14.496385,1074,1396,person,0.333,1,45,148,239,74,142,none
2026-08-04T02:14:14.611408,1075,1396,person,0.472,0,47,143,239,71,143,none
2026-08-04T02:14:14.690245,1076,1396,person,0.29,0,48,142,239,71,144,none
2026-08-04T02:14:14.894199,1078,-1,person,0.277,2,46,306,239,154,142,none
2026-08-04T02:14:14.980246,1079,-1,person,0.277,2,46,306,239,154,142,none
2026-08-04T02:14:15.101568,1080,-1,person,0.292,0,42,320,239,160,141,none
2026-08-04T02:14:15.177310,1081,1430,person,0.335,0,52,134,239,67,145,none
2026-08-04T02:14:15.323482,1082,-1,person,0.296,0,44,319,239,159,141,none
2026-08-04T02:14:15.398611,1083,-1,person,0.296,0,44,319,239,159,141,none
2026-08-04T02:14:15.482945,1084,-1,person,0.296,0,44,319,239,159,141,none
2026-08-04T02:14:15.606947,1085,1462,person,0.467,0,44,319,239,159,142,none
2026-08-04T02:14:15.608894,1085,1430,person,0.344,0,46,136,238,68,142,none
2026-08-04T02:14:15.693059,1086,1462,person,0.468,1,46,317,239,159,143,none
2026-08-04T02:14:15.831299,1087,1462,person,0.529,0,48,309,239,154,144,none
2026-08-04T02:14:15.911484,1088,1430,person,0.365,4,47,143,238,74,143,none
2026-08-04T02:14:16.001285,1089,1430,person,0.365,4,47,144,238,74,143,none
2026-08-04T02:14:16.155292,1090,1430,person,0.294,1,49,140,238,70,144,none
2026-08-04T02:14:16.331099,1092,1463,person,0.341,0,17,313,239,157,128,none
2026-08-04T02:14:16.411112,1093,1463,person,0.341,0,17,313,239,157,128,none
2026-08-04T02:14:16.498949,1094,1463,person,0.341,0,17,313,239,157,128,none
2026-08-04T02:14:16.617037,1095,1464,person,0.437,0,47,149,239,75,143,none
2026-08-04T02:14:16.701070,1096,1464,person,0.461,0,52,145,239,72,145,none
2026-08-04T02:14:16.831066,1097,1464,person,0.287,0,49,147,239,73,144,none
2026-08-04T02:14:16.833127,1097,1463,person,0.509,20,51,297,239,158,145,none
2026-08-04T02:14:16.918535,1098,1464,person,0.336,0,48,146,238,73,143,none
2026-08-04T02:14:16.921899,1098,1463,person,0.386,17,48,300,239,158,144,none
2026-08-04T02:14:17.005021,1099,1464,person,0.336,0,48,144,238,72,143,none
2026-08-04T02:14:17.008248,1099,1463,person,0.386,14,47,303,239,158,143,none
2026-08-04T02:14:17.113244,1100,1464,person,0.251,0,50,142,239,71,144,none
2026-08-04T02:14:17.190376,1101,1464,person,0.362,3,44,151,238,77,141,none
2026-08-04T02:14:17.337391,1102,1464,person,0.267,3,49,148,238,76,143,none
2026-08-04T02:14:17.339987,1102,1463,person,0.26,13,49,306,239,159,144,none
2026-08-04T02:14:17.416432,1103,1464,person,0.267,3,50,147,238,75,144,none
2026-08-04T02:14:17.418734,1103,1463,person,0.26,11,49,308,239,159,144,none
2026-08-04T02:14:17.511397,1104,1464,person,0.505,0,49,144,238,72,143,none
2026-08-04T02:14:17.625568,1105,1464,person,0.342,0,49,143,238,71,144,none
2026-08-04T02:14:17.629257,1105,1463,person,0.255,10,48,310,239,160,144,none
2026-08-04T02:14:17.702455,1106,1464,person,0.48,0,49,142,238,71,144,none
2026-08-04T02:14:17.826946,1107,1463,person,0.551,4,44,315,239,160,141,none
2026-08-04T02:14:17.907156,1108,1463,person,0.551,4,44,315,239,160,141,none
2026-08-04T02:14:17.999567,1109,1463,person,0.551,4,44,316,239,160,142,none
2026-08-04T02:14:18.116676,1110,1464,person,0.501,0,46,145,239,73,143,none
2026-08-04T02:14:18.199274,1111,1464,person,0.341,0,41,147,238,73,140,none
2026-08-04T02:14:18.202370,1111,1463,person,0.266,0,38,320,239,160,138,none
2026-08-04T02:14:18.668473,1116,1466,person,0.398,0,48,145,238,72,143,none
2026-08-04T02:14:18.828703,1117,1466,person,0.533,0,47,144,238,72,143,none
2026-08-04T02:14:18.905548,1118,1466,person,0.533,0,47,143,238,71,143,none
2026-08-04T02:14:19.000922,1119,1466,person,0.533,0,47,142,238,71,143,none
2026-08-04T02:14:19.607190,1125,-1,person,0.298,0,30,317,239,159,135,none
2026-08-04T02:14:19.690858,1126,1479,person,0.356,11,44,308,239,159,142,none
2026-08-04T02:14:19.826521,1127,1479,person,0.315,3,35,313,239,158,137,none
2026-08-04T02:14:19.902014,1128,1479,person,0.315,1,33,314,239,157,136,none
2026-08-04T02:14:19.989481,1129,1479,person,0.315,1,33,314,239,157,136,none
2026-08-04T02:14:20.106904,1130,1479,person,0.253,10,44,308,239,159,142,none
2026-08-04T02:14:20.185408,1131,1479,person,0.253,11,48,307,239,159,143,none
2026-08-04T02:14:20.326964,1132,1479,person,0.254,7,42,312,239,159,141,none
2026-08-04T02:14:20.400391,1133,1479,person,0.254,5,40,314,239,159,140,none
2026-08-04T02:14:20.490441,1134,1479,person,0.254,4,40,314,239,159,139,none
2026-08-04T02:14:20.616221,1135,1485,person,0.419,0,50,138,238,69,144,none
2026-08-04T02:14:20.701324,1136,1485,person,0.26,0,50,138,238,69,144,none
2026-08-04T02:14:20.704123,1136,1479,person,0.394,11,51,308,239,160,145,none
2026-08-04T02:14:21.185479,1141,1479,person,0.364,6,50,310,239,158,145,none
2026-08-04T02:14:21.326026,1142,-1,person,0.252,0,46,159,239,79,142,none
2026-08-04T02:14:21.403726,1143,-1,person,0.252,0,46,159,239,79,142,none
2026-08-04T02:14:21.488510,1144,-1,person,0.252,0,46,159,239,79,142,none
2026-08-04T02:14:21.609905,1145,1479,person,0.51,1,46,233,238,117,142,none
2026-08-04T02:14:21.686711,1146,1479,person,0.51,0,46,214,238,107,142,none
2026-08-04T02:14:21.830292,1147,1479,person,0.375,0,46,205,238,102,142,none
2026-08-04T02:14:21.910459,1148,1479,person,0.375,0,46,197,239,98,142,none
2026-08-04T02:14:21.998465,1149,1479,person,0.375,0,46,190,239,95,142,none
2026-08-04T02:14:22.109584,1150,1479,person,0.44,0,48,182,239,91,143,none
2026-08-04T02:14:22.185839,1151,1479,person,0.413,48,44,246,239,147,142,none
2026-08-04T02:14:22.322758,1152,1518,person,0.354,0,46,137,238,68,142,none
2026-08-04T02:14:22.409218,1153,1518,person,0.354,0,46,137,238,68,142,none
2026-08-04T02:14:22.497340,1154,1518,person,0.354,0,46,137,238,68,142,none
2026-08-04T02:14:22.605390,1155,1518,person,0.665,4,47,142,239,73,143,none
2026-08-04T02:14:22.703360,1156,1518,person,0.295,9,50,148,239,79,144,none
2026-08-04T02:14:22.836567,1157,1518,person,0.544,26,98,135,239,80,169,none
2026-08-04T02:14:22.918827,1158,1518,person,0.544,28,112,132,239,80,176,none
2026-08-04T02:14:23.005605,1159,1518,person,0.544,26,113,134,239,80,176,none
2026-08-04T02:14:23.108351,1160,1524,person,0.428,0,43,317,239,159,141,none
2026-08-04T02:14:23.184211,1161,1524,person,0.428,0,43,317,239,159,141,none
2026-08-04T02:14:23.327582,1162,1528,person,0.372,0,48,137,238,68,143,none
2026-08-04T02:14:23.404655,1163,1528,person,0.372,0,48,137,238,68,143,none
2026-08-04T02:14:23.497419,1164,1528,person,0.372,0,48,137,238,68,143,none
2026-08-04T02:14:23.606300,1165,1528,person,0.404,4,46,144,239,74,142,none
2026-08-04T02:14:23.688849,1166,1533,person,0.354,1,19,292,239,146,129,none
2026-08-04T02:14:23.830317,1167,1528,person,0.391,6,43,151,238,78,141,none
2026-08-04T02:14:23.917838,1168,1528,person,0.391,5,43,151,239,78,141,none
2026-08-04T02:14:24.004512,1169,1528,person,0.391,5,44,151,239,78,141,none
2026-08-04T02:14:24.123064,1170,1528,person,0.408,4,49,147,239,76,144,none
2026-08-04T02:14:24.205923,1171,1528,person,0.408,3,51,146,239,75,145,none
2026-08-04T02:14:24.333373,1172,1528,person,0.34,0,47,146,238,73,143,none
2026-08-04T02:14:24.411443,1173,1528,person,0.34,0,45,147,238,73,142,none
2026-08-04T02:14:24.497869,1174,1528,person,0.34,0,45,147,238,73,142,none
2026-08-04T02:14:24.616092,1175,1528,person,0.269,0,48,144,239,72,143,none
2026-08-04T02:14:24.692711,1176,1528,person,0.269,0,49,143,239,71,144,none
2026-08-04T02:14:24.827928,1177,1528,person,0.326,0,49,143,239,71,144,none
2026-08-04T02:14:24.905807,1178,1528,person,0.326,0,48,143,239,71,144,none
2026-08-04T02:14:25.015215,1179,1528,person,0.326,0,48,143,239,71,144,none
2026-08-04T02:14:25.123050,1180,-1,person,0.285,0,46,266,238,133,142,none
2026-08-04T02:14:25.206923,1181,-1,person,0.285,0,46,266,238,133,142,none
2026-08-04T02:14:25.330257,1182,1528,person,0.343,1,50,144,239,72,145,none
2026-08-04T02:14:25.412391,1183,1528,person,0.343,1,50,144,239,72,145,none
2026-08-04T02:14:25.510724,1184,1528,person,0.343,1,50,144,239,72,145,none
2026-08-04T02:14:25.612923,1185,-1,person,0.256,130,109,252,239,191,174,none
2026-08-04T02:14:25.700850,1186,-1,person,0.256,130,109,252,239,191,174,none
2026-08-04T02:14:25.823710,1187,1528,person,0.508,53,47,227,239,140,143,none
2026-08-04T02:14:25.905453,1188,1528,person,0.508,46,47,231,239,138,143,none
2026-08-04T02:14:25.994247,1189,1528,person,0.508,40,47,232,239,136,143,none
2026-08-04T02:14:26.110668,1190,-1,person,0.281,1,46,306,239,153,142,none
2026-08-04T02:14:26.114946,1190,-1,person,0.275,133,108,250,239,192,173,none
2026-08-04T02:14:26.202033,1191,-1,person,0.281,1,46,306,239,153,142,none
2026-08-04T02:14:26.204936,1191,-1,person,0.275,133,108,250,239,192,173,none
2026-08-04T02:14:26.332130,1192,1630,person,0.351,133,106,251,239,192,173,none
2026-08-04T02:14:26.420163,1193,1630,person,0.351,133,106,251,239,192,173,none
2026-08-04T02:14:26.505237,1194,1630,person,0.351,133,106,251,239,192,173,none
2026-08-04T02:14:26.613943,1195,-1,person,0.293,1,49,263,239,132,144,none
2026-08-04T02:14:27.267709,1196,1643,person,0.33,5,46,271,239,138,143,none
2026-08-04T02:14:27.359674,1197,1643,person,0.33,6,45,274,239,140,142,none
2026-08-04T02:14:27.460312,1198,1643,person,0.33,6,45,274,239,140,142,none
2026-08-04T02:14:27.563043,1199,1647,person,0.33,0,49,137,238,69,143,none
2026-08-04T02:14:27.566354,1199,1648,person,0.301,130,96,243,239,187,167,none
2026-08-04T02:14:27.670289,1200,1647,person,0.33,0,49,137,238,69,143,none
2026-08-04T02:14:27.672859,1200,1648,person,0.301,130,96,243,239,187,167,none
2026-08-04T02:14:28.263931,1201,1647,person,0.252,2,48,140,239,71,144,none
2026-08-04T02:14:28.267164,1201,1648,person,0.294,136,106,243,239,190,172,none
2026-08-04T02:14:28.270033,1201,1643,person,0.359,1,50,264,239,133,144,none
2026-08-04T02:14:28.350111,1202,1647,person,0.252,2,48,141,239,72,144,none
2026-08-04T02:14:28.357329,1202,1648,person,0.294,138,108,243,239,190,174,none
2026-08-04T02:14:28.362297,1202,1643,person,0.359,1,49,265,239,133,144,none
2026-08-04T02:14:28.455274,1203,1647,person,0.252,2,48,141,239,72,144,none
2026-08-04T02:14:28.458914,1203,1648,person,0.294,137,108,244,239,190,174,none
2026-08-04T02:14:28.462739,1203,1643,person,0.359,2,49,265,239,133,144,none
2026-08-04T02:14:28.578731,1204,1647,person,0.252,2,48,142,239,72,144,none
2026-08-04T02:14:28.581607,1204,1648,person,0.294,137,108,244,239,190,173,none
2026-08-04T02:14:28.585903,1204,1643,person,0.359,2,49,265,239,133,144,none
2026-08-04T02:14:28.676731,1205,1647,person,0.321,6,50,146,239,76,144,none
2026-08-04T02:14:29.262165,1206,1647,person,0.341,4,52,143,239,74,145,none
2026-08-04T02:14:29.354210,1207,1647,person,0.341,3,53,142,239,73,146,none
2026-08-04T02:14:29.456112,1208,1647,person,0.341,3,52,142,239,73,146,none
2026-08-04T02:14:29.561447,1209,1647,person,0.341,2,52,143,239,73,146,none
2026-08-04T02:14:29.658483,1210,1647,person,0.341,2,52,143,239,73,146,none
2026-08-04T02:14:30.259596,1211,1647,person,0.345,2,48,146,238,74,143,none
2026-08-04T02:14:30.340284,1212,1647,person,0.345,1,47,147,238,74,142,none
2026-08-04T02:14:30.434975,1213,1647,person,0.345,1,47,147,238,74,142,none
2026-08-04T02:14:30.515744,1214,1647,person,0.345,1,47,147,238,74,143,none
2026-08-04T02:14:30.606935,1215,1654,person,0.326,0,48,266,239,133,144,none
2026-08-04T02:14:31.218897,1216,1647,person,0.25,0,51,142,239,71,145,none
2026-08-04T02:14:31.293801,1217,1647,person,0.25,0,51,142,239,71,145,none
2026-08-04T02:14:31.372966,1218,1647,person,0.25,0,50,142,239,71,145,none
2026-08-04T02:14:31.460954,1219,1647,person,0.25,0,50,142,239,71,144,none
2026-08-04T02:14:31.556171,1220,1647,person,0.25,0,50,142,239,71,144,none
2026-08-04T02:14:31.988199,1225,1655,person,0.384,0,51,142,239,71,145,none
2026-08-04T02:14:32.088533,1226,1655,person,0.382,0,45,145,239,72,142,none
2026-08-04T02:14:32.174901,1227,1655,person,0.382,0,44,145,239,72,141,none
2026-08-04T02:14:32.280499,1228,1655,person,0.382,0,44,145,239,72,141,none
2026-08-04T02:14:32.584921,1231,-1,person,0.279,133,108,250,239,191,174,none
2026-08-04T02:14:32.674284,1232,-1,person,0.279,133,108,250,239,191,174,none
2026-08-04T02:14:32.772878,1233,-1,person,0.279,133,108,250,239,191,174,none
2026-08-04T02:14:32.857380,1234,1691,person,0.375,0,47,141,239,70,143,none
2026-08-04T02:14:32.947409,1235,1691,person,0.375,0,47,141,239,70,143,none
2026-08-04T02:14:33.047995,1236,1691,person,0.287,1,46,143,239,72,142,none
2026-08-04T02:14:33.141580,1237,1691,person,0.287,1,45,144,239,72,142,none
2026-08-04T02:14:33.241307,1238,1691,person,0.287,1,45,144,239,72,142,none
2026-08-04T02:14:33.347864,1239,1692,person,0.332,0,47,299,239,150,143,none
2026-08-04T02:14:33.440695,1240,1692,person,0.332,0,47,299,239,150,143,none
2026-08-04T02:14:33.542735,1241,1691,person,0.373,0,48,141,238,70,143,none
2026-08-04T02:14:33.640530,1242,1691,person,0.373,0,48,141,238,71,143,none
2026-08-04T02:14:33.740670,1243,1691,person,0.373,0,47,141,238,71,143,none
2026-08-04T02:14:33.938914,1245,1691,person,0.324,0,47,140,239,70,143,none
2026-08-04T02:14:34.041881,1246,1691,person,0.492,0,46,140,239,70,142,none
2026-08-04T02:14:34.140353,1247,1691,person,0.492,0,46,140,238,70,142,none
2026-08-04T02:14:34.232874,1248,1691,person,0.492,0,46,140,238,70,142,none
2026-08-04T02:14:34.349047,1249,1691,person,0.386,2,51,139,239,70,145,none
2026-08-04T02:14:34.431849,1250,1691,person,0.386,2,52,139,239,71,145,none
2026-08-04T02:14:34.518586,1251,1691,person,0.401,2,50,142,239,72,144,none
2026-08-04T02:14:34.598728,1252,1691,person,0.401,2,49,143,239,72,144,none
2026-08-04T02:14:34.675438,1253,1691,person,0.401,2,49,143,239,72,144,none
2026-08-04T02:14:35.230565,1254,1691,person,0.255,0,50,140,239,70,144,none
2026-08-04T02:14:35.310776,1255,1691,person,0.255,0,50,139,239,69,144,none
2026-08-04T02:14:35.419507,1256,1691,person,0.255,0,50,139,239,69,144,none
2026-08-04T02:14:35.534086,1257,1691,person,0.255,0,50,139,239,69,144,none
2026-08-04T02:14:35.628791,1258,1691,person,0.255,0,50,139,239,69,144,none
2026-08-04T02:14:36.233987,1259,1704,person,0.338,132,110,252,239,192,175,none
2026-08-04T02:14:36.310393,1260,1704,person,0.338,132,110,252,239,192,175,none
2026-08-04T02:14:36.394776,1261,1704,person,0.338,132,110,252,239,192,175,none
2026-08-04T02:14:36.486118,1262,1704,person,0.338,132,110,252,239,192,175,none
2026-08-04T02:14:36.604558,1263,1704,person,0.338,132,110,252,239,192,175,none
2026-08-04T02:14:37.230241,1264,1704,person,0.439,133,109,253,239,193,174,none
2026-08-04T02:14:37.299578,1265,1704,person,0.439,133,109,253,238,193,173,none
2026-08-04T02:14:37.385914,1266,1704,person,0.439,133,109,253,238,193,173,none
2026-08-04T02:14:37.473580,1267,1704,person,0.439,133,109,253,238,193,173,none
2026-08-04T02:14:37.572675,1268,1704,person,0.439,133,109,253,238,193,174,none
2026-08-04T02:14:38.235726,1269,1704,person,0.62,132,109,253,239,192,174,none
2026-08-04T02:14:38.302416,1270,1704,person,0.62,132,109,252,239,192,174,none
2026-08-04T02:14:38.395018,1271,1704,person,0.62,132,109,252,239,192,174,none
2026-08-04T02:14:38.490588,1272,1704,person,0.62,132,109,252,239,192,174,none
2026-08-04T02:14:38.551139,1273,1704,person,0.62,132,109,252,239,192,174,none
2026-08-04T02:14:39.209293,1274,1721,person,0.345,0,47,151,239,76,143,none
2026-08-04T02:14:39.259050,1275,1721,person,0.345,0,47,151,239,76,143,none
2026-08-04T02:14:39.314975,1276,1721,person,0.345,0,47,151,239,76,143,none
2026-08-04T02:14:39.387010,1277,1721,person,0.345,0,47,151,239,76,143,none
2026-08-04T02:14:39.477432,1278,1721,person,0.345,0,47,151,239,76,143,none
2026-08-04T02:14:40.199918,1279,1721,person,0.379,0,50,146,239,73,144,none
2026-08-04T02:14:40.255091,1280,1721,person,0.379,0,51,143,239,71,145,none
2026-08-04T02:14:40.305703,1281,1721,person,0.379,0,51,142,239,71,145,none
2026-08-04T02:14:40.368457,1282,1721,person,0.379,0,51,140,239,70,145,none
2026-08-04T02:14:40.443816,1283,1721,person,0.379,0,51,139,239,69,145,none
2026-08-04T02:14:41.200570,1284,1721,person,0.356,0,52,139,239,69,145,none
2026-08-04T02:14:41.254283,1285,1721,person,0.356,0,53,138,239,69,146,none
2026-08-04T02:14:41.306644,1286,1721,person,0.307,0,48,140,239,70,144,none
2026-08-04T02:14:41.378067,1287,1721,person,0.307,0,47,141,239,70,143,none
2026-08-04T02:14:41.441840,1288,1721,person,0.307,0,47,140,239,70,143,none
2026-08-04T02:14:42.207346,1289,1721,person,0.266,0,52,137,239,69,145,none
2026-08-04T02:14:42.258903,1290,1721,person,0.266,0,53,136,239,68,146,none
2026-08-04T02:14:42.311365,1291,1721,person,0.384,0,49,139,239,69,144,none
2026-08-04T02:14:42.397135,1292,1721,person,0.384,0,48,139,239,69,144,none
2026-08-04T02:14:42.480857,1293,1721,person,0.384,0,48,139,239,69,143,none
2026-08-04T02:14:43.201584,1294,1721,person,0.442,0,50,138,239,69,144,none
2026-08-04T02:14:43.259896,1295,1721,person,0.442,0,51,137,239,69,145,none
2026-08-04T02:14:43.311562,1296,1721,person,0.442,0,51,137,239,68,145,none
2026-08-04T02:14:44.197326,1299,1733,person,0.3,1,0,307,239,154,120,none
2026-08-04T02:14:44.253023,1300,1733,person,0.3,1,0,307,239,154,120,none
2026-08-04T02:14:44.307172,1301,1733,person,0.3,1,0,307,239,154,120,none
2026-08-04T02:14:44.370975,1302,1733,person,0.3,1,0,307,239,154,120,none
2026-08-04T02:14:44.426540,1303,1733,person,0.3,1,0,307,239,154,120,none
2026-08-04T02:14:45.214902,1304,1734,person,0.535,129,107,252,239,191,173,none
2026-08-04T02:14:45.216336,1304,1735,person,0.326,0,48,134,238,67,143,none
2026-08-04T02:14:45.272742,1305,1734,person,0.535,129,107,252,239,191,173,none
2026-08-04T02:14:45.274594,1305,1735,person,0.326,0,48,134,238,67,143,none
2026-08-04T02:14:45.334136,1306,1734,person,0.535,129,107,252,239,191,173,none
2026-08-04T02:14:45.338298,1306,1735,person,0.326,0,48,134,238,67,143,none
2026-08-04T02:14:45.406499,1307,1734,person,0.535,129,107,252,239,191,173,none
2026-08-04T02:14:45.409152,1307,1735,person,0.326,0,48,134,238,67,143,none
2026-08-04T02:14:45.479653,1308,1734,person,0.416,130,107,252,239,191,173,none
2026-08-04T02:14:45.483153,1308,1735,person,0.529,2,52,134,238,68,145,none
2026-08-04T02:14:46.206983,1309,1734,person,0.264,130,108,251,239,190,173,none
2026-08-04T02:14:46.208664,1309,1735,person,0.668,0,48,135,239,68,143,none
2026-08-04T02:14:46.265204,1310,1734,person,0.264,130,108,251,239,190,174,none
2026-08-04T02:14:46.268073,1310,1735,person,0.668,0,47,135,239,68,143,none
2026-08-04T02:14:46.321793,1311,1734,person,0.264,130,108,250,239,190,174,none
2026-08-04T02:14:46.323526,1311,1735,person,0.668,0,47,135,239,68,143,none
2026-08-04T02:14:46.393976,1312,1735,person,0.295,4,51,138,239,71,145,none
2026-08-04T02:14:46.495476,1313,1735,person,0.295,5,52,139,239,72,145,none
2026-08-04T02:14:47.245814,1314,1735,person,0.406,2,48,139,238,71,143,none
2026-08-04T02:14:47.321845,1315,1735,person,0.406,1,47,139,238,70,142,none
2026-08-04T02:14:47.411802,1316,1735,person,0.406,1,46,140,238,70,142,none
2026-08-04T02:14:47.506825,1317,1735,person,0.406,1,47,140,238,70,142,none
2026-08-04T02:14:47.589830,1318,1735,person,0.406,1,47,140,238,70,143,none
2026-08-04T02:14:49.228618,1324,1736,person,0.654,133,110,252,239,192,174,none
2026-08-04T02:14:49.230730,1324,1737,person,0.405,0,48,143,238,71,143,none
2026-08-04T02:14:49.313406,1325,1736,person,0.654,133,110,252,239,192,174,none
2026-08-04T02:14:49.315593,1325,1737,person,0.405,0,48,143,238,71,143,none
2026-08-04T02:14:49.397985,1326,1736,person,0.654,133,110,252,239,192,174,none
2026-08-04T02:14:49.401338,1326,1737,person,0.405,0,48,143,238,71,143,none
2026-08-04T02:14:49.483415,1327,1736,person,0.654,133,110,252,239,192,174,none
2026-08-04T02:14:49.488192,1327,1737,person,0.405,0,48,143,238,71,143,none
2026-08-04T02:14:49.574092,1328,1736,person,0.654,133,110,252,239,192,174,none
2026-08-04T02:14:49.576744,1328,1737,person,0.405,0,48,143,238,71,143,none
2026-08-04T02:14:50.220223,1329,1736,person,0.746,132,108,252,239,192,174,none
2026-08-04T02:14:50.222040,1329,1737,person,0.624,0,49,141,239,70,144,none
2026-08-04T02:14:50.297311,1330,1736,person,0.746,132,108,252,239,192,173,none
2026-08-04T02:14:50.299678,1330,1737,person,0.624,0,50,141,239,70,144,none
2026-08-04T02:14:50.399821,1331,1736,person,0.746,132,108,252,239,192,173,none
2026-08-04T02:14:50.403065,1331,1737,person,0.624,0,50,141,239,70,144,none
2026-08-04T02:14:50.484932,1332,1736,person,0.746,132,108,252,239,192,173,none
2026-08-04T02:14:50.488101,1332,1737,person,0.624,0,50,141,239,70,144,none
2026-08-04T02:14:50.580816,1333,1736,person,0.746,132,108,252,239,192,173,none
2026-08-04T02:14:50.584719,1333,1737,person,0.624,0,50,141,239,70,144,none
2026-08-04T02:14:51.224945,1334,1736,person,0.562,132,109,252,239,192,174,none
2026-08-04T02:14:51.226883,1334,1737,person,0.486,0,45,144,239,72,142,none
2026-08-04T02:14:51.299004,1335,1736,person,0.562,132,109,252,239,192,174,none
2026-08-04T02:14:51.301603,1335,1737,person,0.486,0,43,145,239,72,141,none
2026-08-04T02:14:51.388120,1336,1736,person,0.562,132,109,252,239,192,174,none
2026-08-04T02:14:51.392189,1336,1737,person,0.486,0,43,144,239,72,141,none
2026-08-04T02:14:51.477630,1337,1736,person,0.562,132,109,252,239,192,174,none
2026-08-04T02:14:51.483295,1337,1737,person,0.486,0,43,144,239,72,141,none
2026-08-04T02:14:51.569846,1338,1736,person,0.562,132,109,252,239,192,174,none
2026-08-04T02:14:51.573091,1338,1737,person,0.486,0,43,144,239,72,141,none
2026-08-04T02:14:52.229526,1339,1736,person,0.542,132,110,251,239,191,174,none
2026-08-04T02:14:52.231687,1339,1737,person,0.275,0,43,145,238,72,140,none
2026-08-04T02:14:52.313260,1340,1736,person,0.542,132,110,250,239,191,175,none
2026-08-04T02:14:52.316534,1340,1737,person,0.275,0,43,145,238,72,140,none
2026-08-04T02:14:52.408160,1341,1736,person,0.542,132,110,251,239,191,175,none
2026-08-04T02:14:52.413163,1341,1737,person,0.275,0,43,145,238,72,140,none
2026-08-04T02:14:52.508675,1342,1736,person,0.542,132,110,251,239,191,175,none
2026-08-04T02:14:52.511897,1342,1737,person,0.275,0,43,145,238,72,140,none
2026-08-04T02:14:52.605745,1343,1736,person,0.542,132,110,251,239,191,175,none
2026-08-04T02:14:52.609276,1343,1737,person,0.275,0,43,145,238,72,140,none
2026-08-04T02:14:53.225647,1344,1736,person,0.295,130,109,249,239,190,174,none
2026-08-04T02:14:53.227549,1344,1737,person,0.407,30,19,201,239,116,129,none
2026-08-04T02:14:53.296908,1345,1736,person,0.295,129,109,249,239,189,174,none
2026-08-04T02:14:53.299611,1345,1737,person,0.407,36,12,219,239,128,126,none
2026-08-04T02:14:53.384640,1346,1736,person,0.295,129,109,249,239,189,174,none
2026-08-04T02:14:53.388255,1346,1737,person,0.407,33,12,223,239,128,126,none
2026-08-04T02:14:53.472563,1347,1736,person,0.295,130,109,249,239,189,174,none
2026-08-04T02:14:53.475132,1347,1737,person,0.407,29,13,223,239,126,126,none
2026-08-04T02:14:53.564304,1348,1736,person,0.295,130,109,248,239,189,174,none
2026-08-04T02:14:53.566580,1348,1737,person,0.407,25,14,224,239,125,127,none
2026-08-04T02:14:57.222578,1364,1738,person,0.494,133,109,249,239,191,174,none
2026-08-04T02:14:57.303516,1365,1738,person,0.494,133,109,249,239,191,174,none
2026-08-04T02:14:57.405054,1366,1738,person,0.494,133,109,249,239,191,174,none
2026-08-04T02:14:57.485683,1367,1738,person,0.494,133,109,249,239,191,174,none
2026-08-04T02:14:57.565777,1368,1738,person,0.494,133,109,249,239,191,174,none
2026-08-04T02:14:58.222147,1369,1738,person,0.458,127,101,249,239,188,170,none
2026-08-04T02:14:58.290724,1370,1738,person,0.458,126,99,249,239,187,169,none
2026-08-04T02:14:58.381624,1371,1738,person,0.458,126,99,248,239,187,169,none
2026-08-04T02:14:58.467051,1372,1738,person,0.458,127,99,248,239,187,169,none
2026-08-04T02:14:58.542378,1373,1738,person,0.458,128,99,247,239,188,169,none
2026-08-04T02:14:59.220988,1374,1738,person,0.66,133,108,246,239,189,173,none
2026-08-04T02:14:59.294731,1375,1738,person,0.66,134,110,246,239,190,174,none
2026-08-04T02:14:59.379685,1376,1738,person,0.66,134,110,246,239,190,175,none
2026-08-04T02:14:59.464781,1377,1738,person,0.66,134,110,246,239,190,174,none
2026-08-04T02:14:59.552358,1378,1738,person,0.66,134,109,246,239,190,174,none
2026-08-04T02:15:00.222520,1379,1738,person,0.425,134,109,247,239,190,174,none
2026-08-04T02:15:00.337587,1380,1738,person,0.425,134,109,247,239,191,174,none
2026-08-04T02:15:00.482693,1381,1738,person,0.425,134,109,247,239,191,174,none
2026-08-04T02:15:00.592120,1382,1738,person,0.425,134,109,247,239,191,174,none
2026-08-04T02:15:00.711073,1383,1738,person,0.425,134,109,247,239,191,174,none
2026-08-04T02:15:01.220620,1384,1738,person,0.453,134,110,247,239,191,174,none
2026-08-04T02:15:01.310187,1385,1738,person,0.453,134,110,247,239,191,175,none
2026-08-04T02:15:01.398897,1386,1738,person,0.453,134,110,247,239,191,175,none
2026-08-04T02:15:01.589398,1387,1738,person,0.453,134,110,247,239,191,175,none
2026-08-04T02:15:01.693905,1388,1738,person,0.453,134,110,247,239,191,175,none
2026-08-04T02:15:02.227153,1389,1765,person,0.362,4,28,277,238,141,133,none
2026-08-04T02:15:02.311074,1390,1765,person,0.362,4,28,277,238,141,133,none
2026-08-04T02:15:02.405679,1391,1765,person,0.362,4,28,277,238,141,133,none
2026-08-04T02:15:02.494915,1392,1765,person,0.362,4,28,277,238,141,133,none
2026-08-04T02:15:02.572741,1393,1765,person,0.362,4,28,277,238,141,133,none
2026-08-04T02:15:04.354557,1401,-1,person,0.289,6,0,306,239,156,120,none
2026-08-04T02:15:04.450866,1402,-1,person,0.289,6,0,306,239,156,120,none
2026-08-04T02:15:04.531236,1403,-1,person,0.289,6,0,306,239,156,120,none
2026-08-04T02:15:05.227567,1404,1795,person,0.517,9,26,276,238,143,132,none
2026-08-04T02:15:05.294302,1405,1795,person,0.517,10,32,270,238,140,135,none
2026-08-04T02:15:05.376968,1406,1795,person,0.517,9,33,269,238,139,136,none
2026-08-04T02:15:05.459426,1407,1795,person,0.517,9,33,270,238,139,136,none
2026-08-04T02:15:05.545296,1408,1795,person,0.517,8,33,271,238,139,136,none
2026-08-04T02:15:06.238110,1409,1795,person,0.289,0,7,289,239,144,123,none
2026-08-04T02:15:06.340775,1410,1795,person,0.289,0,0,294,239,147,119,none
2026-08-04T02:15:06.479331,1411,1795,person,0.289,0,0,290,239,145,119,none
2026-08-04T02:15:06.579024,1412,1795,person,0.289,0,1,286,239,143,120,none
2026-08-04T02:15:06.701446,1413,1795,person,0.289,0,2,282,239,141,120,none
2026-08-04T02:15:07.233381,1414,1811,person,0.322,44,49,178,238,111,143,none
2026-08-04T02:15:07.313208,1415,1811,person,0.322,44,49,178,238,111,143,none
2026-08-04T02:15:07.397812,1416,1795,person,0.643,11,1,298,238,154,120,none
2026-08-04T02:15:07.477260,1417,1795,person,0.643,9,1,299,238,154,120,none
2026-08-04T02:15:07.555779,1418,1795,person,0.643,8,1,299,238,154,120,none
2026-08-04T02:15:08.215905,1419,1795,person,0.471,11,9,292,238,151,124,none
2026-08-04T02:15:08.290355,1420,1795,person,0.471,12,12,290,238,151,125,none
2026-08-04T02:15:08.375802,1421,1795,person,0.471,12,12,290,238,151,125,none
2026-08-04T02:15:08.454953,1422,1795,person,0.465,24,43,265,239,144,141,none
2026-08-04T02:15:08.538955,1423,1795,person,0.471,15,19,284,238,149,129,none
2026-08-04T02:15:09.242289,1424,1795,person,0.293,20,19,294,238,157,129,none
2026-08-04T02:15:09.324357,1425,1795,person,0.293,21,20,297,239,159,129,none
2026-08-04T02:15:09.415861,1426,1795,person,0.293,19,21,298,239,159,130,none
2026-08-04T02:15:09.515556,1427,1795,person,0.293,17,21,300,239,158,130,none
2026-08-04T02:15:09.626842,1428,1795,person,0.384,13,12,308,238,160,125,none
2026-08-04T02:15:09.723515,1429,1795,person,0.384,11,9,310,238,161,123,none
2026-08-04T02:15:09.823786,1430,1795,person,0.384,10,9,311,238,161,123,none
2026-08-04T02:15:09.911550,1431,1795,person,0.384,10,9,311,238,161,124,none
2026-08-04T02:15:10.016019,1432,1795,person,0.486,19,35,290,238,154,137,none
2026-08-04T02:15:10.118823,1433,1795,person,0.518,20,49,274,239,147,144,none
2026-08-04T02:15:10.256237,1434,1795,person,0.381,5,46,263,238,134,142,none
2026-08-04T02:15:10.360136,1435,1795,person,0.381,1,44,262,238,132,141,none
2026-08-04T02:15:10.453052,1436,1795,person,0.381,1,43,263,238,132,140,none
2026-08-04T02:15:10.556849,1437,1795,person,0.464,12,33,289,238,150,136,none
2026-08-04T02:15:10.647903,1438,1795,person,0.464,14,30,296,238,155,134,none
2026-08-04T02:15:10.991745,1442,1795,person,0.329,14,47,284,239,149,143,none
2026-08-04T02:15:11.100857,1443,1795,person,0.491,12,43,290,239,151,141,none
2026-08-04T02:15:11.196983,1444,1795,person,0.286,15,37,304,239,159,138,none
2026-08-04T02:15:11.296317,1445,1795,person,0.286,15,35,308,239,161,137,none
2026-08-04T02:15:11.410587,1446,1795,person,0.286,14,35,308,239,161,137,none
2026-08-04T02:15:11.670943,1449,1795,person,0.36,6,18,319,238,163,128,none
2026-08-04T02:15:11.765636,1450,1795,person,0.36,7,18,318,238,163,128,none
2026-08-04T02:15:11.841370,1451,1795,person,0.36,9,19,317,238,163,129,none
2026-08-04T02:15:18.232241,1456,1823,person,0.319,2,26,304,238,153,132,none
2026-08-04T02:15:18.311452,1457,1823,person,0.319,2,26,304,238,153,132,none
2026-08-04T02:15:18.409587,1458,1823,person,0.319,2,26,304,238,153,132,none
2026-08-04T02:15:19.228658,1464,-1,person,0.296,0,48,148,238,74,143,none
2026-08-04T02:15:19.232195,1464,-1,person,0.294,1,42,308,239,155,141,none
2026-08-04T02:15:19.311492,1465,-1,person,0.296,0,48,148,238,74,143,none
2026-08-04T02:15:19.314584,1465,-1,person,0.294,1,42,308,239,155,141,none
2026-08-04T02:15:19.398436,1466,-1,person,0.296,0,48,148,238,74,143,none
2026-08-04T02:15:19.400816,1466,-1,person,0.294,1,42,308,239,155,141,none
2026-08-04T02:15:19.520500,1467,1884,person,0.3,49,151,134,239,92,195,none
2026-08-04T02:15:19.735701,1468,1887,person,0.437,0,46,305,239,152,142,none
2026-08-04T02:15:19.815868,1469,1887,person,0.437,0,46,305,239,152,142,none
2026-08-04T02:15:19.908709,1470,1887,person,0.437,0,46,305,239,152,142,none
2026-08-04T02:15:20.016824,1471,1887,person,0.493,0,47,299,239,149,143,none
2026-08-04T02:15:20.247085,1472,1887,person,0.507,0,48,271,239,135,144,none
2026-08-04T02:15:20.323357,1473,1887,person,0.507,0,49,249,239,124,144,none
2026-08-04T02:15:20.415781,1474,1887,person,0.507,0,49,232,239,116,144,none
2026-08-04T02:15:20.521789,1475,1887,person,0.434,0,46,220,239,110,142,none
2026-08-04T02:15:20.738673,1476,1887,person,0.417,23,33,264,239,143,136,none
2026-08-04T02:15:20.818559,1477,1887,person,0.417,28,29,278,239,153,134,none
2026-08-04T02:15:20.910182,1478,1887,person,0.417,26,29,280,239,153,134,none
2026-08-04T02:15:21.018469,1479,1887,person,0.376,32,42,275,239,153,141,none
2026-08-04T02:15:21.239155,1480,1897,person,0.435,0,46,149,238,74,142,none
2026-08-04T02:15:21.318194,1481,1897,person,0.435,0,46,149,238,74,142,none
2026-08-04T02:15:21.412197,1482,1897,person,0.435,0,46,149,238,74,142,none
2026-08-04T02:15:21.531551,1483,1887,person,0.464,15,34,280,239,147,137,none
2026-08-04T02:15:21.730239,1484,1897,person,0.534,0,50,146,239,73,144,none
2026-08-04T02:15:21.814018,1485,1897,person,0.534,0,50,145,239,72,144,none
2026-08-04T02:15:21.906884,1486,1897,person,0.534,0,50,145,239,72,144,none
2026-08-04T02:15:22.031691,1487,1897,person,0.421,3,51,148,239,75,145,none
2026-08-04T02:15:22.034462,1487,1887,person,0.375,8,15,302,239,155,127,none
2026-08-04T02:15:22.243489,1488,1897,person,0.385,1,49,147,239,74,144,none
2026-08-04T02:15:22.324045,1489,1897,person,0.385,0,49,147,239,73,144,none
2026-08-04T02:15:22.419115,1490,1897,person,0.385,0,49,147,239,73,144,none
2026-08-04T02:15:22.514171,1491,1897,person,0.518,0,48,147,239,73,143,none
2026-08-04T02:15:22.517033,1491,1887,person,0.286,18,51,278,239,148,145,none
2026-08-04T02:15:22.730885,1492,1887,person,0.323,0,16,303,239,151,127,none
2026-08-04T02:15:22.811339,1493,1887,person,0.323,0,6,313,239,156,122,none
2026-08-04T02:15:22.909767,1494,1887,person,0.323,0,6,312,239,156,122,none
2026-08-04T02:15:23.014072,1495,1897,person,0.452,2,46,152,239,77,142,none
2026-08-04T02:15:23.230354,1496,1897,person,0.505,0,47,149,239,74,143,none
2026-08-04T02:15:23.232597,1496,1887,person,0.395,0,30,273,239,136,134,none
2026-08-04T02:15:23.316719,1497,1897,person,0.505,0,48,148,239,74,143,none
2026-08-04T02:15:23.319425,1497,1887,person,0.395,0,29,270,239,135,134,none
2026-08-04T02:15:23.408762,1498,1897,person,0.505,0,48,148,239,74,143,none
2026-08-04T02:15:23.411289,1498,1887,person,0.395,0,28,269,239,134,134,none
2026-08-04T02:15:23.516200,1499,1887,person,0.462,14,45,265,239,140,142,none
2026-08-04T02:15:23.727261,1500,1887,person,0.421,14,40,274,239,144,140,none
2026-08-04T02:15:23.729498,1500,1897,person,0.274,0,48,148,239,74,143,none
2026-08-04T02:15:23.803869,1501,1887,person,0.421,13,38,277,239,145,138,none
2026-08-04T02:15:23.808965,1501,1897,person,0.274,0,48,148,239,74,143,none
2026-08-04T02:15:23.919514,1502,1887,person,0.421,11,37,279,239,145,138,none
2026-08-04T02:15:23.921873,1502,1897,person,0.274,0,48,148,239,74,143,none
2026-08-04T02:15:24.014458,1503,1897,person,0.541,1,47,149,239,75,143,none
2026-08-04T02:15:24.234506,1504,1897,person,0.367,17,50,161,239,89,144,none
2026-08-04T02:15:24.314122,1505,1897,person,0.367,22,50,164,239,93,145,none
2026-08-04T02:15:24.395264,1506,1897,person,0.367,23,51,163,239,93,145,none
2026-08-04T02:15:24.505877,1507,1897,person,0.437,10,52,150,238,80,145,none
2026-08-04T02:15:24.720337,1508,1897,person,0.369,6,51,148,239,77,145,none
2026-08-04T02:15:24.795023,1509,1897,person,0.369,5,51,149,239,77,145,none
2026-08-04T02:15:24.880009,1510,1897,person,0.369,5,51,150,239,78,145,none
2026-08-04T02:15:25.008005,1511,1897,person,0.475,4,49,151,239,78,144,none
2026-08-04T02:15:25.223077,1512,1897,person,0.511,1,49,147,238,74,144,none
2026-08-04T02:15:25.297033,1513,1897,person,0.511,0,50,146,238,73,144,none
2026-08-04T02:15:25.378122,1514,1897,person,0.511,0,50,146,238,73,144,none
2026-08-04T02:15:25.514668,1515,1919,person,0.429,5,41,294,239,149,140,none
2026-08-04T02:15:25.731151,1516,1897,person,0.374,2,52,147,239,75,146,none
2026-08-04T02:15:25.801574,1517,1897,person,0.374,2,52,147,239,75,146,none
2026-08-04T02:15:25.889270,1518,1897,person,0.374,2,52,148,239,75,145,none
2026-08-04T02:15:26.005175,1519,1919,person,0.407,0,36,285,239,142,137,none
2026-08-04T02:15:26.222886,1520,1897,person,0.359,12,44,168,239,90,141,none
2026-08-04T02:15:26.293308,1521,1897,person,0.359,10,44,169,239,90,141,none
2026-08-04T02:15:26.372833,1522,1897,person,0.359,9,44,169,239,89,142,none
2026-08-04T02:15:26.519860,1523,1897,person,0.281,0,42,159,238,79,140,none
2026-08-04T02:15:26.728256,1524,1897,person,0.302,0,48,157,239,79,143,none
2026-08-04T02:15:26.803327,1525,1897,person,0.302,1,49,157,239,79,144,none
2026-08-04T02:15:26.885251,1526,1897,person,0.302,1,49,157,239,79,144,none
2026-08-04T02:15:27.010683,1527,1897,person,0.483,0,51,154,239,77,145,none
2026-08-04T02:15:27.221295,1528,1897,person,0.626,0,48,157,239,78,143,none
2026-08-04T02:15:27.297487,1529,1897,person,0.626,0,47,157,239,78,143,none
2026-08-04T02:15:27.378015,1530,1897,person,0.626,0,46,157,239,78,143,none
2026-08-04T02:15:27.526974,1531,1897,person,0.288,0,50,154,238,77,144,none
2026-08-04T02:15:27.602615,1532,1897,person,0.582,0,50,153,239,76,145,none
2026-08-04T02:15:27.753536,1533,1897,person,0.38,1,51,154,239,78,145,none
2026-08-04T02:15:27.833732,1534,1897,person,0.38,2,50,154,239,78,145,none
2026-08-04T02:15:27.933557,1535,1897,person,0.38,2,50,154,239,78,145,none
2026-08-04T02:15:28.039481,1536,1897,person,0.264,3,52,154,239,79,145,none
2026-08-04T02:15:28.117222,1537,1897,person,0.429,2,50,156,239,79,144,none
2026-08-04T02:15:28.239647,1538,1897,person,0.359,0,50,153,239,76,144,none
2026-08-04T02:15:28.318378,1539,1897,person,0.359,0,50,152,239,76,145,none
2026-08-04T02:15:28.410097,1540,1897,person,0.459,9,51,158,239,84,145,none
2026-08-04T02:15:28.614772,1542,1897,person,0.38,0,45,154,238,77,142,none
2026-08-04T02:15:28.751351,1543,1897,person,0.317,0,45,154,239,77,142,none
2026-08-04T02:15:28.827391,1544,1897,person,0.301,0,47,152,239,76,143,none
2026-08-04T02:15:28.915630,1545,1897,person,0.301,0,47,150,239,75,143,none
2026-08-04T02:15:29.028508,1546,1897,person,0.547,0,51,146,239,73,145,none
2026-08-04T02:15:29.107378,1547,1897,person,0.432,1,51,147,239,74,145,none
2026-08-04T02:15:29.241823,1548,1897,person,0.258,4,49,152,238,78,144,none
2026-08-04T02:15:29.325145,1549,1897,person,0.253,1,51,148,238,75,145,none
2026-08-04T02:15:29.414865,1550,1897,person,0.253,0,52,146,238,73,145,none
2026-08-04T02:15:29.528029,1551,-1,person,0.278,0,29,314,239,157,134,none
2026-08-04T02:15:29.617078,1552,1897,person,0.298,0,52,144,238,72,145,none
2026-08-04T02:15:29.736290,1553,1897,person,0.342,0,52,145,239,72,145,none
2026-08-04T02:15:29.814216,1554,1897,person,0.342,0,51,145,239,72,145,none
2026-08-04T02:15:29.923837,1555,1897,person,0.342,0,51,145,239,72,145,none
2026-08-04T02:15:30.022620,1556,1897,person,0.388,5,52,150,239,77,145,none
2026-08-04T02:15:30.101157,1557,1897,person,0.451,5,50,153,239,79,144,none
2026-08-04T02:15:30.239427,1558,1897,person,0.327,4,48,155,239,80,143,none
2026-08-04T02:15:30.322026,1559,1897,person,0.327,4,47,156,239,80,143,none
2026-08-04T02:15:30.410305,1560,1897,person,0.327,3,47,156,239,80,143,none
2026-08-04T02:15:30.522681,1561,1897,person,0.399,0,50,147,238,73,144,none
2026-08-04T02:15:31.023686,1566,1958,person,0.303,0,54,148,239,74,146,none
2026-08-04T02:15:31.027204,1566,1959,person,0.301,127,84,218,238,172,161,none
2026-08-04T02:15:31.136628,1567,1958,person,0.313,0,51,148,238,74,144,none
2026-08-04T02:15:31.141792,1567,1959,person,0.358,127,83,217,238,172,161,none
2026-08-04T02:15:31.245223,1568,1958,person,0.354,0,48,149,238,74,143,none
2026-08-04T02:15:31.333445,1569,1958,person,0.354,0,48,150,238,75,143,none
2026-08-04T02:15:31.421870,1570,1958,person,0.354,0,48,149,238,74,143,none
2026-08-04T02:15:31.527849,1571,1958,person,0.453,29,30,201,238,115,134,none
2026-08-04T02:15:32.024709,1576,1960,person,0.45,0,48,281,239,140,143,none
2026-08-04T02:15:32.027544,1576,1961,person,0.319,0,52,156,239,78,145,none
2026-08-04T02:15:32.109860,1577,1961,person,0.284,0,52,151,238,75,145,none
2026-08-04T02:15:32.242423,1578,1960,person,0.314,0,49,267,239,133,144,none
2026-08-04T02:15:32.318636,1579,1960,person,0.314,0,49,262,239,131,144,none
2026-08-04T02:15:32.402037,1580,1960,person,0.314,0,49,259,239,129,144,none
2026-08-04T02:15:32.519679,1581,1961,person,0.529,0,49,146,239,73,144,none
2026-08-04T02:15:32.739334,1583,1960,person,0.298,0,46,255,239,127,142,none
2026-08-04T02:15:32.819225,1584,1960,person,0.298,0,46,253,239,126,142,none
2026-08-04T02:15:32.918735,1585,1960,person,0.298,0,46,251,239,125,142,none
2026-08-04T02:15:33.021856,1586,1960,person,0.552,0,52,223,239,111,145,none
2026-08-04T02:15:33.101378,1587,1960,person,0.472,0,53,208,238,104,145,none
2026-08-04T02:15:33.239857,1588,1960,person,0.405,0,48,199,238,99,143,none
2026-08-04T02:15:33.323409,1589,1960,person,0.405,0,47,189,238,94,142,none
2026-08-04T02:15:33.411961,1590,1960,person,0.405,0,46,180,238,90,142,none
2026-08-04T02:15:33.520559,1591,1960,person,0.366,0,50,170,239,85,144,none
2026-08-04T02:15:33.597124,1592,1985,person,0.446,127,104,233,239,180,172,none
2026-08-04T02:15:33.748636,1593,1985,person,0.619,123,92,238,239,181,166,none
2026-08-04T02:15:33.752217,1593,1960,person,0.647,0,51,158,239,79,145,none
2026-08-04T02:15:33.834054,1594,1985,person,0.619,123,90,239,239,181,164,none
2026-08-04T02:15:33.836923,1594,1960,person,0.647,0,51,154,239,77,145,none
2026-08-04T02:15:33.945476,1595,1985,person,0.619,123,90,238,239,181,165,none
2026-08-04T02:15:33.950721,1595,1960,person,0.647,0,51,151,239,75,145,none
2026-08-04T02:15:34.030541,1596,1985,person,0.288,131,99,240,239,186,169,none
2026-08-04T02:15:34.033257,1596,1960,person,0.47,0,53,147,239,73,146,none
2026-08-04T02:15:34.115440,1597,1985,person,0.418,123,88,240,239,182,163,none
2026-08-04T02:15:34.117799,1597,1960,person,0.423,0,45,150,239,75,142,none
2026-08-04T02:15:34.231436,1598,1960,person,0.429,34,21,212,239,123,130,none
2026-08-04T02:15:34.306958,1599,1960,person,0.429,41,15,232,239,137,127,none
2026-08-04T02:15:34.393173,1600,1960,person,0.429,38,15,236,239,137,127,none
2026-08-04T02:15:34.519112,1601,1985,person,0.431,115,60,245,239,180,149,none
2026-08-04T02:15:34.740236,1603,1960,person,0.316,30,49,215,239,123,144,none
2026-08-04T02:15:34.816364,1604,1960,person,0.316,27,48,219,239,123,143,none
2026-08-04T02:15:34.899132,1605,1960,person,0.316,24,47,223,239,123,143,none
2026-08-04T02:15:35.016656,1606,1998,person,0.417,0,51,134,238,67,145,none
2026-08-04T02:15:35.095370,1607,1998,person,0.395,0,53,133,239,66,146,none
2026-08-04T02:15:35.097771,1607,1960,person,0.267,20,50,224,239,122,145,none
2026-08-04T02:15:35.233834,1608,1960,person,0.511,21,42,238,239,130,140,none
2026-08-04T02:15:35.312391,1609,1960,person,0.511,20,39,244,239,132,139,none
2026-08-04T02:15:35.395824,1610,1960,person,0.511,18,39,246,239,132,139,none
2026-08-04T02:15:38.013046,1611,1960,person,0.464,12,48,232,239,122,144,none
2026-08-04T02:15:38.090307,1612,1960,person,0.464,10,51,229,239,119,145,none
2026-08-04T02:15:38.176990,1613,1960,person,0.464,9,51,229,239,119,145,none
2026-08-04T02:15:38.268928,1614,1960,person,0.464,8,51,231,239,120,145,none
2026-08-04T02:15:38.357816,1615,1960,person,0.464,8,50,232,239,120,145,none
2026-08-04T02:15:38.502261,1616,1960,person,0.408,0,50,209,239,104,144,none
2026-08-04T02:15:38.574099,1617,1960,person,0.408,0,50,197,239,98,144,none
2026-08-04T02:15:38.668664,1618,1960,person,0.408,0,50,187,239,93,144,none
2026-08-04T02:15:38.755990,1619,1960,person,0.408,0,50,179,239,89,144,none
2026-08-04T02:15:38.846666,1620,1960,person,0.408,0,50,172,239,86,144,none
2026-08-04T02:15:39.010566,1621,1960,person,0.295,28,49,208,239,118,144,none
2026-08-04T02:15:39.087273,1622,1960,person,0.295,33,49,221,239,127,144,none
2026-08-04T02:15:39.189289,1623,1960,person,0.295,31,48,224,239,127,144,none
2026-08-04T02:15:39.261562,1624,1960,person,0.295,26,49,225,239,126,144,none
2026-08-04T02:15:39.339380,1625,1960,person,0.295,23,49,226,239,125,144,none
